Knife,Skin,Image,Price Link,Min_Price,Max_Price
Moto Gloves,3rd Commando Company,https://cdn.csgoskins.gg/public/uih/items/aHR0cHM6Ly9jZG4uY3Nnb3NraW5zLmdnL3B1YmxpYy9pbWFnZXMvYnVja2V0cy9lY29uL2RlZmF1bHRfZ2VuZXJhdGVkL21vdG9yY3ljbGVfZ2xvdmVzX21vdG9yY3ljbGVfY29tbWFuZG9fa3NrX2xpZ2h0LjJlZTFjNjYyMjg4ZWZiZGY1Yzg1NmMxMDkyMWU4NGY2MTY0M2EwMTEucG5n/auto/auto/85/notrim/40518c8311b8d39763848bbb69c7574b.png,https://csgoskins.gg/items/moto-gloves-3rd-commando-company,$53.60,$304.27
Sport Gloves,Amphibious,https://cdn.csgoskins.gg/public/uih/items/aHR0cHM6Ly9jZG4uY3Nnb3NraW5zLmdnL3B1YmxpYy9pbWFnZXMvYnVja2V0cy9lY29uL2RlZmF1bHRfZ2VuZXJhdGVkL3Nwb3J0eV9nbG92ZXNfc3BvcnR5X3BvaXNvbl9mcm9nX2JsdWVfd2hpdGVfbGlnaHQuOGJhMjZiY2FjNzVjOGQ0NzM3MWU0YmU3ZmFkMzQ0ZDRlYTUzZGMyYS5wbmc-/auto/auto/85/notrim/303335e651087e04b1329f3e76b79e57.png,https://csgoskins.gg/items/sport-gloves-amphibious,$298.15,"$3,410.63"
Hand Wraps,Arboreal,https://cdn.csgoskins.gg/public/uih/items/aHR0cHM6Ly9jZG4uY3Nnb3NraW5zLmdnL3B1YmxpYy9pbWFnZXMvYnVja2V0cy9lY29uL2RlZmF1bHRfZ2VuZXJhdGVkL2xlYXRoZXJfaGFuZHdyYXBzX2hhbmR3cmFwX2xlYXRoZXJ5X2ZhYnJpY19ncmVlbl9jYW1vX2xpZ2h0LmZmNjhkY2Q3ZDA3YTQxYTBiOTlkYjFhNzUwZTVjYzE3NjdlZTc3MzIucG5n/auto/auto/85/notrim/f5260fd44ae470c49f92ec1d15674702.png,https://csgoskins.gg/items/hand-wraps-arboreal,$56.90,$237.57
Sport Gloves,Arid,https://cdn.csgoskins.gg/public/uih/items/aHR0cHM6Ly9jZG4uY3Nnb3NraW5zLmdnL3B1YmxpYy9pbWFnZXMvYnVja2V0cy9lY29uL2RlZmF1bHRfZ2VuZXJhdGVkL3Nwb3J0eV9nbG92ZXNfc3BvcnR5X21pbGl0YXJ5X2xpZ2h0LmI2YmJmYTc1YjlmOTJhYWIzYjM4OWZmMmUzYTA1OGU0YmY1MDkzMTkucG5n/auto/auto/85/notrim/e506d27fbde8704b064615f3780ad29c.png,https://csgoskins.gg/items/sport-gloves-arid,$384.72,"$5,142.99"
Hand Wraps,Badlands,https://cdn.csgoskins.gg/public/uih/items/aHR0cHM6Ly9jZG4uY3Nnb3NraW5zLmdnL3B1YmxpYy9pbWFnZXMvYnVja2V0cy9lY29uL2RlZmF1bHRfZ2VuZXJhdGVkL2xlYXRoZXJfaGFuZHdyYXBzX2hhbmR3cmFwX2ZhYnJpY19vcmFuZ2VfY2Ftb19saWdodC44ZDBjOTRlZDg3NmYwNDUzNjE0Nzg4MTNkYzUxMjY4ODg0NjdmYWZlLnBuZw--/auto/auto/85/notrim/fe1e4f7d8888b70e94fe7efe4f9e5673.png,https://csgoskins.gg/items/hand-wraps-badlands,$122.07,"$1,074.72"
Sport Gloves,Big Game,https://cdn.csgoskins.gg/public/uih/items/aHR0cHM6Ly9jZG4uY3Nnb3NraW5zLmdnL3B1YmxpYy9pbWFnZXMvYnVja2V0cy9lY29uL2RlZmF1bHRfZ2VuZXJhdGVkL3Nwb3J0eV9nbG92ZXNfc3BvcnR5X2h1bnRlcl9saWdodC4wNzdkYjExNWE3OWY2OTg0OGE1OGQ5YTRkNzk0MTVmYzE5ZjM0NTQ3LnBuZw--/auto/auto/85/notrim/b61ad9628a36e6adb1db35122d793903.png,https://csgoskins.gg/items/sport-gloves-big-game,$162.38,$973.57
Driver Gloves,Black Tie,https://cdn.csgoskins.gg/public/uih/items/aHR0cHM6Ly9jZG4uY3Nnb3NraW5zLmdnL3B1YmxpYy9pbWFnZXMvYnVja2V0cy9lY29uL2RlZmF1bHRfZ2VuZXJhdGVkL3NsaWNrX2dsb3Zlc19zbGlja19zdGl0Y2hlZF9ibGFja193aGl0ZV9saWdodC4yMTVlMmJkYjc5ZWQ0OTgzN2U1ZjE4NmFlNzgwZGEyODgxMjI5MjdiLnBuZw--/auto/auto/85/notrim/ca69af299acf32dda9d3b8327c9cc213.png,https://csgoskins.gg/items/driver-gloves-black-tie,$128.52,"$1,640.00"
Moto Gloves,Blood Pressure,https://cdn.csgoskins.gg/public/uih/items/aHR0cHM6Ly9jZG4uY3Nnb3NraW5zLmdnL3B1YmxpYy9pbWFnZXMvYnVja2V0cy9lY29uL2RlZmF1bHRfZ2VuZXJhdGVkL21vdG9yY3ljbGVfZ2xvdmVzX21vdG9yY3ljbGVfY2FyYm9uZmliZXJfcmVkX2xpZ2h0LjU0NTkyMzlkNjdhNTZhM2Q3ODU4MGU3ZTY4OTYxOGUxMGJiYmM2YjgucG5n/auto/auto/85/notrim/7d09c50eb74b5a0235fac7feada39a18.png,https://csgoskins.gg/items/moto-gloves-blood-pressure,$107.40,$789.69
Moto Gloves,Boom!,https://cdn.csgoskins.gg/public/uih/items/aHR0cHM6Ly9jZG4uY3Nnb3NraW5zLmdnL3B1YmxpYy9pbWFnZXMvYnVja2V0cy9lY29uL2RlZmF1bHRfZ2VuZXJhdGVkL21vdG9yY3ljbGVfZ2xvdmVzX21vdG9yY3ljbGVfbW9ub19ib29tX2xpZ2h0LmFhY2NkMzMwYzY5Y2FmNzgzZTk4NTc1NGU4N2NlMWI3M2JmNTc5YjgucG5n/auto/auto/85/notrim/e341d6f0bb514801241e5b93f6be6483.png,https://csgoskins.gg/items/moto-gloves-boom,$127.38,"$1,260.33"
Bloodhound Gloves,Bronzed,https://cdn.csgoskins.gg/public/uih/items/aHR0cHM6Ly9jZG4uY3Nnb3NraW5zLmdnL3B1YmxpYy9pbWFnZXMvYnVja2V0cy9lY29uL2RlZmF1bHRfZ2VuZXJhdGVkL3N0dWRkZWRfYmxvb2Rob3VuZF9nbG92ZXNfYmxvb2Rob3VuZF9tZXRhbGxpY19saWdodC5iZGE2N2VlMmVlYmM5MGM2Y2Y2NTg4MjVkYjRlZWNhYWEwYzRkMzM5LnBuZw--/auto/auto/85/notrim/8b3c82493f5c0ac0c6b9614bb6c50b1b.png,https://csgoskins.gg/items/bloodhound-gloves-bronzed,$83.09,$707.76
Sport Gloves,Bronze Morph,https://cdn.csgoskins.gg/public/uih/items/aHR0cHM6Ly9jZG4uY3Nnb3NraW5zLmdnL3B1YmxpYy9pbWFnZXMvYnVja2V0cy9lY29uL2RlZmF1bHRfZ2VuZXJhdGVkL3Nwb3J0eV9nbG92ZXNfc3BvcnR5X3BvaXNvbl9mcm9nX3JlZF9ncmVlbl9saWdodC4wZGI2NTQ4ZDgzZjI4ZGYxMmM0MGM3ZTgxNTVlZjZlNWM0MzZkZTg3LnBuZw--/auto/auto/85/notrim/c95926eb3028f1f00342e4eb19588c78.png,https://csgoskins.gg/items/sport-gloves-bronze-morph,$113.75,$698.40
Specialist Gloves,Buckshot,https://cdn.csgoskins.gg/public/uih/items/aHR0cHM6Ly9jZG4uY3Nnb3NraW5zLmdnL3B1YmxpYy9pbWFnZXMvYnVja2V0cy9lY29uL2RlZmF1bHRfZ2VuZXJhdGVkL3NwZWNpYWxpc3RfZ2xvdmVzX3NwZWNpYWxpc3RfZm9yZXN0X2Jyb3duX2xpZ2h0LjYwMTk0M2NkN2QzNmUzNjg5NzhhN2Y0N2NmNDJkMjNkN2FiNjJlZjgucG5n/auto/auto/85/notrim/576420f0e0e1b0432732c48de0deb728.png,https://csgoskins.gg/items/specialist-gloves-buckshot,$57.58,$357.97
Hydra Gloves,Case Hardened,https://cdn.csgoskins.gg/public/uih/items/aHR0cHM6Ly9jZG4uY3Nnb3NraW5zLmdnL3B1YmxpYy9pbWFnZXMvYnVja2V0cy9lY29uL2RlZmF1bHRfZ2VuZXJhdGVkL3N0dWRkZWRfaHlkcmFfZ2xvdmVzX2Jsb29kaG91bmRfaHlkcmFfY2FzZV9oYXJkZW5lZF9saWdodC40MWIzZDFkYjI5YjllMmVhMGQ1ZGVkMWM0ZDEwNDgxODBiMGVmMWIxLnBuZw--/auto/auto/85/notrim/88fb0624cf6616e817dec6664e9931b4.png,https://csgoskins.gg/items/hydra-gloves-case-hardened,$74.54,$427.28
Hand Wraps,CAUTION!,https://cdn.csgoskins.gg/public/uih/items/aHR0cHM6Ly9jZG4uY3Nnb3NraW5zLmdnL3B1YmxpYy9pbWFnZXMvYnVja2V0cy9lY29uL2RlZmF1bHRfZ2VuZXJhdGVkL2xlYXRoZXJfaGFuZHdyYXBzX2hhbmR3cmFwX2xlYXRoZXJ5X2NhdXRpb25fbGlnaHQuMDI0OTMzN2Q3NmFkYTUwZWRjMGM1MDk1OTI5MmFiZDI1MmVmM2U4OC5wbmc-/auto/auto/85/notrim/4292eeb5c976521bd44cbb0bd6b48b9a.png,https://csgoskins.gg/items/hand-wraps-caution,$128.98,$900.00
Bloodhound Gloves,Charred,https://cdn.csgoskins.gg/public/uih/items/aHR0cHM6Ly9jZG4uY3Nnb3NraW5zLmdnL3B1YmxpYy9pbWFnZXMvYnVja2V0cy9lY29uL2RlZmF1bHRfZ2VuZXJhdGVkL3N0dWRkZWRfYmxvb2Rob3VuZF9nbG92ZXNfYmxvb2Rob3VuZF9ibGFja19zaWx2ZXJfbGlnaHQuOGMzNTgwZjQ1MDhkMjQxYTQ3YWJjNjE2ZDk0ZGZiM2QyZmNlYzM0Yy5wbmc-/auto/auto/85/notrim/fb00d0966b126ea3ce609db3515591e4.png,https://csgoskins.gg/items/bloodhound-gloves-charred,$140.78,$630.16
Hand Wraps,Cobalt Skulls,https://cdn.csgoskins.gg/public/uih/items/aHR0cHM6Ly9jZG4uY3Nnb3NraW5zLmdnL3B1YmxpYy9pbWFnZXMvYnVja2V0cy9lY29uL2RlZmF1bHRfZ2VuZXJhdGVkL2xlYXRoZXJfaGFuZHdyYXBzX2hhbmR3cmFwX2xlYXRoZXJ5X2ZhYnJpY19ibHVlX3NrdWxsc19saWdodC45MDE5M2NkZTZmNWIxYzVjZmFkNGZjNThlMmFlZTEyYWIzOGU3ZGI5LnBuZw--/auto/auto/85/notrim/1660d7e1ebc223876b522eddde0dae5b.png,https://csgoskins.gg/items/hand-wraps-cobalt-skulls,$195.02,"$1,499.00"
Hand Wraps,Constrictor,https://cdn.csgoskins.gg/public/uih/items/aHR0cHM6Ly9jZG4uY3Nnb3NraW5zLmdnL3B1YmxpYy9pbWFnZXMvYnVja2V0cy9lY29uL2RlZmF1bHRfZ2VuZXJhdGVkL2xlYXRoZXJfaGFuZHdyYXBzX2hhbmR3cmFwX2xlYXRoZXJ5X3NuYWtlc2tpbl9vcmFuZ2VfbGlnaHQuOGE1ZTQxZTkwNzQ2MTQ5M2YyMWE0MjEyN2E0ODI0MTMxYThiNjM1Mi5wbmc-/auto/auto/85/notrim/b3d274d293ac3420750505e8de92b391.png,https://csgoskins.gg/items/hand-wraps-constrictor,$58.53,$294.55
Driver Gloves,Convoy,https://cdn.csgoskins.gg/public/uih/items/aHR0cHM6Ly9jZG4uY3Nnb3NraW5zLmdnL3B1YmxpYy9pbWFnZXMvYnVja2V0cy9lY29uL2RlZmF1bHRfZ2VuZXJhdGVkL3NsaWNrX2dsb3Zlc19zbGlja19taWxpdGFyeV9saWdodC5lMzRjODgyNmNjZmVlNzg1YTY5NmIzZmJkYmQ3OTMyNTdiMGQ5NGM4LnBuZw--/auto/auto/85/notrim/3d2758697664aa6caced49915380a590.png,https://csgoskins.gg/items/driver-gloves-convoy,$88.03,$660.00
Moto Gloves,Cool Mint,https://cdn.csgoskins.gg/public/uih/items/aHR0cHM6Ly9jZG4uY3Nnb3NraW5zLmdnL3B1YmxpYy9pbWFnZXMvYnVja2V0cy9lY29uL2RlZmF1bHRfZ2VuZXJhdGVkL21vdG9yY3ljbGVfZ2xvdmVzX21vdG9yY3ljbGVfdHJpYW5nbGVfYmx1ZV9saWdodC43ZTIxYzQ0ZGNhM2QxMDAyZWMxMjRhZTk4MzZiM2ExNGU1NmJkOGM2LnBuZw--/auto/auto/85/notrim/8abbae4c025ac044ad8c50c04e18371d.png,https://csgoskins.gg/items/moto-gloves-cool-mint,$215.41,"$3,013.89"
Specialist Gloves,Crimson Kimono,https://cdn.csgoskins.gg/public/uih/items/aHR0cHM6Ly9jZG4uY3Nnb3NraW5zLmdnL3B1YmxpYy9pbWFnZXMvYnVja2V0cy9lY29uL2RlZmF1bHRfZ2VuZXJhdGVkL3NwZWNpYWxpc3RfZ2xvdmVzX3NwZWNpYWxpc3Rfa2ltb25vX2RpYW1vbmRzX3JlZF9saWdodC43NGU4OGFmNWIzYjM1NmI4MjQ1OGNjNmE4YzMxZjA3ZDI2Y2U3OWEyLnBuZw--/auto/auto/85/notrim/1beed733967fd56a8bd6dd44a158f23c.png,https://csgoskins.gg/items/specialist-gloves-crimson-kimono,"$1,578.21","$8,890.52"
Driver Gloves,Crimson Weave,https://cdn.csgoskins.gg/public/uih/items/aHR0cHM6Ly9jZG4uY3Nnb3NraW5zLmdnL3B1YmxpYy9pbWFnZXMvYnVja2V0cy9lY29uL2RlZmF1bHRfZ2VuZXJhdGVkL3NsaWNrX2dsb3Zlc19zbGlja19yZWRfbGlnaHQuYTFmZTg3OTc3MzViN2YwYWJmMDE2M2E5MzVlN2I0MWEzOTNhOTYzOC5wbmc-/auto/auto/85/notrim/247e6a1a7fed197cda966659b7083d85.png,https://csgoskins.gg/items/driver-gloves-crimson-weave,$286.49,"$4,566.54"
Specialist Gloves,Crimson Web,https://cdn.csgoskins.gg/public/uih/items/aHR0cHM6Ly9jZG4uY3Nnb3NraW5zLmdnL3B1YmxpYy9pbWFnZXMvYnVja2V0cy9lY29uL2RlZmF1bHRfZ2VuZXJhdGVkL3NwZWNpYWxpc3RfZ2xvdmVzX3NwZWNpYWxpc3Rfd2Vic19yZWRfbGlnaHQuNjAxM2ExNmE5NTRiZTdmNDVjMDhjZjJkM2I4NmMxY2VkNmNhMDEwNC5wbmc-/auto/auto/85/notrim/ccf91450c328edf927a66718fc48b578.png,https://csgoskins.gg/items/specialist-gloves-crimson-web,$128.33,"$1,515.02"
Hand Wraps,Desert Shamagh,https://cdn.csgoskins.gg/public/uih/items/aHR0cHM6Ly9jZG4uY3Nnb3NraW5zLmdnL3B1YmxpYy9pbWFnZXMvYnVja2V0cy9lY29uL2RlZmF1bHRfZ2VuZXJhdGVkL2xlYXRoZXJfaGFuZHdyYXBzX2hhbmR3cmFwX2ZhYnJpY19ob3VuZHN0b290aF9vcmFuZ2VfbGlnaHQuNDdkN2M2ZTJmNmQyNDUzMzBiMmUyNmI0NGU5OGYzYThjMDdhN2YxNS5wbmc-/auto/auto/85/notrim/7d4b94a052a05ae23be72c6142a8ba8b.png,https://csgoskins.gg/items/hand-wraps-desert-shamagh,$52.78,"$1,999.00"
Driver Gloves,Diamondback,https://cdn.csgoskins.gg/public/uih/items/aHR0cHM6Ly9jZG4uY3Nnb3NraW5zLmdnL3B1YmxpYy9pbWFnZXMvYnVja2V0cy9lY29uL2RlZmF1bHRfZ2VuZXJhdGVkL3NsaWNrX2dsb3Zlc19zbGlja19zbmFrZXNraW5feWVsbG93X2xpZ2h0LmE2N2MxZjQzZTFhZDBmYjIxY2YzYjhmNWM5Y2E4Yzg4N2E2YTVlNGQucG5n/auto/auto/85/notrim/b69551dd855ad4cf05f41a0116efaaea.png,https://csgoskins.gg/items/driver-gloves-diamondback,$123.03,"$1,737.54"
Hand Wraps,Duct Tape,https://cdn.csgoskins.gg/public/uih/items/aHR0cHM6Ly9jZG4uY3Nnb3NraW5zLmdnL3B1YmxpYy9pbWFnZXMvYnVja2V0cy9lY29uL2RlZmF1bHRfZ2VuZXJhdGVkL2xlYXRoZXJfaGFuZHdyYXBzX2hhbmR3cmFwX2xlYXRoZXJ5X2R1Y3R0YXBlX2xpZ2h0LjU3ZDY0ZmM0NzA5MWI1MTZhMjc3NzhmN2FjODAzNTlhZTViZmJjZDEucG5n/auto/auto/85/notrim/7cbeafc104349e3b3d5001c07cd4014c.png,https://csgoskins.gg/items/hand-wraps-duct-tape,$58.35,$479.49
Moto Gloves,Eclipse,https://cdn.csgoskins.gg/public/uih/items/aHR0cHM6Ly9jZG4uY3Nnb3NraW5zLmdnL3B1YmxpYy9pbWFnZXMvYnVja2V0cy9lY29uL2RlZmF1bHRfZ2VuZXJhdGVkL21vdG9yY3ljbGVfZ2xvdmVzX21vdG9yY3ljbGVfYmFzaWNfYmxhY2tfbGlnaHQuYTFlMDE2OGQ2OTk0Y2ZkYTI1YmY2ZWRlYmZiNmE4MTRjMGU5MDEwZi5wbmc-/auto/auto/85/notrim/6b2d4c8e3d7659e5a967efd1186a5868.png,https://csgoskins.gg/items/moto-gloves-eclipse,$120.56,"$1,068.79"
Hydra Gloves,Emerald,https://cdn.csgoskins.gg/public/uih/items/aHR0cHM6Ly9jZG4uY3Nnb3NraW5zLmdnL3B1YmxpYy9pbWFnZXMvYnVja2V0cy9lY29uL2RlZmF1bHRfZ2VuZXJhdGVkL3N0dWRkZWRfaHlkcmFfZ2xvdmVzX2Jsb29kaG91bmRfaHlkcmFfYmxhY2tfZ3JlZW5fbGlnaHQuMWQ5MDg5YzFlY2UyMjk3NDA5MzVlZWUxMWNiMGZiZTM5ZWNiZTU4MC5wbmc-/auto/auto/85/notrim/259f182af5f091e2861cfd43a2c998e1.png,https://csgoskins.gg/items/hydra-gloves-emerald,$44.73,$229.43
Specialist Gloves,Emerald Web,https://cdn.csgoskins.gg/public/uih/items/aHR0cHM6Ly9jZG4uY3Nnb3NraW5zLmdnL3B1YmxpYy9pbWFnZXMvYnVja2V0cy9lY29uL2RlZmF1bHRfZ2VuZXJhdGVkL3NwZWNpYWxpc3RfZ2xvdmVzX3NwZWNpYWxpc3RfZW1lcmFsZF93ZWJfbGlnaHQuMThkMDc1YTZiNzI0ZmI5Y2YzNTk5Y2Q0MmEwOGYyNGFjYjFhZTE3Zi5wbmc-/auto/auto/85/notrim/673ad057cc04c5bd049860c644395f3d.png,https://csgoskins.gg/items/specialist-gloves-emerald-web,$545.55,"$7,369.77"
Specialist Gloves,Fade,https://cdn.csgoskins.gg/public/uih/items/aHR0cHM6Ly9jZG4uY3Nnb3NraW5zLmdnL3B1YmxpYy9pbWFnZXMvYnVja2V0cy9lY29uL2RlZmF1bHRfZ2VuZXJhdGVkL3NwZWNpYWxpc3RfZ2xvdmVzX3NwZWNpYWxpc3RfZmFkZV9saWdodC4wNjJmY2Y3YzQyNDg2YmVkNmQxNzcxZTlhZDFmNjBjZmNjZTlkZGIwLnBuZw--/auto/auto/85/notrim/4a29c74dde00c7aabecfac00ee4d87e1.png,https://csgoskins.gg/items/specialist-gloves-fade,$150.56,"$2,300.00"
Specialist Gloves,Field Agent,https://cdn.csgoskins.gg/public/uih/items/aHR0cHM6Ly9jZG4uY3Nnb3NraW5zLmdnL3B1YmxpYy9pbWFnZXMvYnVja2V0cy9lY29uL2RlZmF1bHRfZ2VuZXJhdGVkL3NwZWNpYWxpc3RfZ2xvdmVzX3NwZWNpYWxpc3RfZmJpX2xpZ2h0LjQwN2QwOGYxOGUwZDkyNzExMDVjYWM4NjZiZTQ3Y2IzZGFjOWY1MGYucG5n/auto/auto/85/notrim/44ae88e7fbcde438a6e1c790870229d1.png,https://csgoskins.gg/items/specialist-gloves-field-agent,$115.25,"$1,197.96"
Moto Gloves,Finish Line,https://cdn.csgoskins.gg/public/uih/items/aHR0cHM6Ly9jZG4uY3Nnb3NraW5zLmdnL3B1YmxpYy9pbWFnZXMvYnVja2V0cy9lY29uL2RlZmF1bHRfZ2VuZXJhdGVkL21vdG9yY3ljbGVfZ2xvdmVzX21vdG9yY3ljbGVfY2hlY2tlcl9mbGFnX2JsdWVfZ3JlZW5fbGlnaHQuNjUxMjYyOWU2Y2VjZWJiN2FiNmExODI0NWViYzkxNDNlYTg3MmJmOS5wbmc-/auto/auto/85/notrim/bea12fcc78284af643ee2956e14d283b.png,https://csgoskins.gg/items/moto-gloves-finish-line,$79.44,$725.64
Specialist Gloves,Forest DDPAT,https://cdn.csgoskins.gg/public/uih/items/aHR0cHM6Ly9jZG4uY3Nnb3NraW5zLmdnL3B1YmxpYy9pbWFnZXMvYnVja2V0cy9lY29uL2RlZmF1bHRfZ2VuZXJhdGVkL3NwZWNpYWxpc3RfZ2xvdmVzX3NwZWNpYWxpc3RfZGRwYXRfZ3JlZW5fY2Ftb19saWdodC42NmIyN2E2MGY2MzM1ZjZiZDhiZDY3MjNiOGYxM2ZmOTE5NWQ2ODhjLnBuZw--/auto/auto/85/notrim/1142139635d8ab99c12004b6cce15932.png,https://csgoskins.gg/items/specialist-gloves-forest-ddpat,$134.25,"$1,074.14"
Specialist Gloves,Foundation,https://cdn.csgoskins.gg/public/uih/items/aHR0cHM6Ly9jZG4uY3Nnb3NraW5zLmdnL3B1YmxpYy9pbWFnZXMvYnVja2V0cy9lY29uL2RlZmF1bHRfZ2VuZXJhdGVkL3NwZWNpYWxpc3RfZ2xvdmVzX3NwZWNpYWxpc3Rfb3JhbmdlX3doaXRlX2xpZ2h0LmE1NjA5NzA1YjJkZjM1YjViYTIxNWY5YjdiYTcxMGRlMGRmOTc2NTIucG5n/auto/auto/85/notrim/c0a189099ec5b9616441fe6bf2acf41d.png,https://csgoskins.gg/items/specialist-gloves-foundation,$215.05,"$2,840.06"
Hand Wraps,Giraffe,https://cdn.csgoskins.gg/public/uih/items/aHR0cHM6Ly9jZG4uY3Nnb3NraW5zLmdnL3B1YmxpYy9pbWFnZXMvYnVja2V0cy9lY29uL2RlZmF1bHRfZ2VuZXJhdGVkL2xlYXRoZXJfaGFuZHdyYXBzX2hhbmR3cmFwX2xlYXRoZXJ5X2ZhYnJpY19naXJhZmZlX2xpZ2h0LmY4YmVlNWE5ZjVkODE3ODgwMWNhYjExOTYwNzdmZDA3YzhlNTI5YzAucG5n/auto/auto/85/notrim/ead460a8e35ff87e4da278e359ac5e0a.png,https://csgoskins.gg/items/hand-wraps-giraffe,$56.80,$344.00
Bloodhound Gloves,Guerrilla,https://cdn.csgoskins.gg/public/uih/items/aHR0cHM6Ly9jZG4uY3Nnb3NraW5zLmdnL3B1YmxpYy9pbWFnZXMvYnVja2V0cy9lY29uL2RlZmF1bHRfZ2VuZXJhdGVkL3N0dWRkZWRfYmxvb2Rob3VuZF9nbG92ZXNfYmxvb2Rob3VuZF9ndWVycmlsbGFfbGlnaHQuYTlmM2U3ZmM4ZjYxZDlhM2QyOTQyYWZjNWMyYjc3YWM1MWZmMjMwMy5wbmc-/auto/auto/85/notrim/952b2d2b9a586c2d5bf3736c774321f5.png,https://csgoskins.gg/items/bloodhound-gloves-guerrilla,$91.32,$590.00
Sport Gloves,Hedge Maze,https://cdn.csgoskins.gg/public/uih/items/aHR0cHM6Ly9jZG4uY3Nnb3NraW5zLmdnL3B1YmxpYy9pbWFnZXMvYnVja2V0cy9lY29uL2RlZmF1bHRfZ2VuZXJhdGVkL3Nwb3J0eV9nbG92ZXNfc3BvcnR5X2dyZWVuX2xpZ2h0LjFjOTY3NjUyYzZmMTY0MGIwODYzMjA0MGUzZTZjZGMwMzEzZTRmNGQucG5n/auto/auto/85/notrim/700601bec56013aef7c7efb574dab27f.png,https://csgoskins.gg/items/sport-gloves-hedge-maze,"$2,893.02","$28,602.26"
Driver Gloves,Imperial Plaid,https://cdn.csgoskins.gg/public/uih/items/aHR0cHM6Ly9jZG4uY3Nnb3NraW5zLmdnL3B1YmxpYy9pbWFnZXMvYnVja2V0cy9lY29uL2RlZmF1bHRfZ2VuZXJhdGVkL3NsaWNrX2dsb3Zlc19zbGlja19wbGFpZF9wdXJwbGVfbGlnaHQuNzU1NjVkMTc0NzEzNWU0ZDg2YmM1MDM5NGQyZmZmZjlhNmRhMzkxOS5wbmc-/auto/auto/85/notrim/7ea622247f507067d933d5621cda5c2a.png,https://csgoskins.gg/items/driver-gloves-imperial-plaid,$188.98,"$1,319.87"
Broken Fang Gloves,Jade,https://cdn.csgoskins.gg/public/uih/items/aHR0cHM6Ly9jZG4uY3Nnb3NraW5zLmdnL3B1YmxpYy9pbWFnZXMvYnVja2V0cy9lY29uL2RlZmF1bHRfZ2VuZXJhdGVkL3N0dWRkZWRfYnJva2VuZmFuZ19nbG92ZXNfb3BlcmF0aW9uMTBfbWV0YWxpY19ncmVlbl9saWdodC4xYzE0OTI2YTk0NTI1Yzc4OWQwYjc2ZGNlZmYyNjM1YTYzZTcxMDIyLnBuZw--/auto/auto/85/notrim/96210d947d360348e4bea378e1c779cf.png,https://csgoskins.gg/items/broken-fang-gloves-jade,$90.88,$671.07
Driver Gloves,King Snake,https://cdn.csgoskins.gg/public/uih/items/aHR0cHM6Ly9jZG4uY3Nnb3NraW5zLmdnL3B1YmxpYy9pbWFnZXMvYnVja2V0cy9lY29uL2RlZmF1bHRfZ2VuZXJhdGVkL3NsaWNrX2dsb3Zlc19zbGlja19zbmFrZXNraW5fd2hpdGVfbGlnaHQuZWJmMGJmZjIyYTdiMDcxMDA1ZjZiNzUwM2VlN2IwNDRhZWJiMWQwNy5wbmc-/auto/auto/85/notrim/3aabb84e34adc36a3abc7be3450e78fc.png,https://csgoskins.gg/items/driver-gloves-king-snake,$147.20,"$3,628.12"
Hand Wraps,Leather,https://cdn.csgoskins.gg/public/uih/items/aHR0cHM6Ly9jZG4uY3Nnb3NraW5zLmdnL3B1YmxpYy9pbWFnZXMvYnVja2V0cy9lY29uL2RlZmF1bHRfZ2VuZXJhdGVkL2xlYXRoZXJfaGFuZHdyYXBzX2hhbmR3cmFwX2xlYXRoZXJ5X2xpZ2h0LjRkYzM4ZGU1OGZlNTM1MTM5YzBmNTk2MjgwYWQ0NDU1NDMyNTllNzgucG5n/auto/auto/85/notrim/a8126ec61e892b285d2a039a8cde86b1.png,https://csgoskins.gg/items/hand-wraps-leather,$246.57,"$1,595.44"
Specialist Gloves,Lt. Commander,https://cdn.csgoskins.gg/public/uih/items/aHR0cHM6Ly9jZG4uY3Nnb3NraW5zLmdnL3B1YmxpYy9pbWFnZXMvYnVja2V0cy9lY29uL2RlZmF1bHRfZ2VuZXJhdGVkL3NwZWNpYWxpc3RfZ2xvdmVzX3NwZWNpYWxpc3Rfcmlja3Nhd19jYW1vX2xpZ2h0LmQwM2NmYzA0MTVjZWViM2VlYThkZmZjYmIyYzQ0MjczNDEwNjEyOWYucG5n/auto/auto/85/notrim/0e188f8386732e42483be00b70206e86.png,https://csgoskins.gg/items/specialist-gloves-lt-commander,$108.96,$847.99
Driver Gloves,Lunar Weave,https://cdn.csgoskins.gg/public/uih/items/aHR0cHM6Ly9jZG4uY3Nnb3NraW5zLmdnL3B1YmxpYy9pbWFnZXMvYnVja2V0cy9lY29uL2RlZmF1bHRfZ2VuZXJhdGVkL3NsaWNrX2dsb3Zlc19zbGlja19ibGFja19saWdodC5iOTBkMjUxYTNjYTEyNmJkMDA5NGFiMDQzNzczZjExYTNiNjE4Nzg2LnBuZw--/auto/auto/85/notrim/32b07e112fb4a9144fb066ae69465933.png,https://csgoskins.gg/items/driver-gloves-lunar-weave,$140.37,"$1,578.86"
Hydra Gloves,Mangrove,https://cdn.csgoskins.gg/public/uih/items/aHR0cHM6Ly9jZG4uY3Nnb3NraW5zLmdnL3B1YmxpYy9pbWFnZXMvYnVja2V0cy9lY29uL2RlZmF1bHRfZ2VuZXJhdGVkL3N0dWRkZWRfaHlkcmFfZ2xvdmVzX2Jsb29kaG91bmRfaHlkcmFfZ3JlZW5fbGVhdGhlcl9tZXNoX2JyYXNzX2xpZ2h0LmM1ZTg2MTJiMDU2NDE4YjljNjk0YTU0N2MyMzA4ZmE2Mjk1YjRmMzkucG5n/auto/auto/85/notrim/4dcba066b582339ee0b00780284c29df.png,https://csgoskins.gg/items/hydra-gloves-mangrove,$38.40,$203.45
Specialist Gloves,Marble Fade,https://cdn.csgoskins.gg/public/uih/items/aHR0cHM6Ly9jZG4uY3Nnb3NraW5zLmdnL3B1YmxpYy9pbWFnZXMvYnVja2V0cy9lY29uL2RlZmF1bHRfZ2VuZXJhdGVkL3NwZWNpYWxpc3RfZ2xvdmVzX3NwZWNpYWxpc3RfbWFyYmxlX2ZhZGVfbGlnaHQuZjNjYjY2ZDI4YjU5OTM0NTAwZGMxYTI5NzEwMGRiZjA0MDNmNTQ2Yi5wbmc-/auto/auto/85/notrim/e58346561a35281266f009f0bb7d020e.png,https://csgoskins.gg/items/specialist-gloves-marble-fade,$134.00,"$2,093.53"
Specialist Gloves,Mogul,https://cdn.csgoskins.gg/public/uih/items/aHR0cHM6Ly9jZG4uY3Nnb3NraW5zLmdnL3B1YmxpYy9pbWFnZXMvYnVja2V0cy9lY29uL2RlZmF1bHRfZ2VuZXJhdGVkL3NwZWNpYWxpc3RfZ2xvdmVzX3NwZWNpYWxpc3Rfd2ludGVyaGV4X2xpZ2h0Ljk1ZDYyYjRiMmYwNGEzYTRlMzkyYTk4OTc5M2Y0YTNmMzE1ODM3MzMucG5n/auto/auto/85/notrim/4d50dce0344aff5053f830217397e4e9.png,https://csgoskins.gg/items/specialist-gloves-mogul,$108.95,$734.96
Broken Fang Gloves,Needle Point,https://cdn.csgoskins.gg/public/uih/items/aHR0cHM6Ly9jZG4uY3Nnb3NraW5zLmdnL3B1YmxpYy9pbWFnZXMvYnVja2V0cy9lY29uL2RlZmF1bHRfZ2VuZXJhdGVkL3N0dWRkZWRfYnJva2VuZmFuZ19nbG92ZXNfb3BlcmF0aW9uMTBfZmxvcmFsX2xpZ2h0LjE3NjU4MjE2M2JlNjI4NjhmZjhiN2MxMWRlMDU4YWFjZjRmY2I3NDUucG5n/auto/auto/85/notrim/e4cfc9e905f5bf1587e40f44c624ad3d.png,https://csgoskins.gg/items/broken-fang-gloves-needle-point,$56.44,$268.64
Sport Gloves,Nocts,https://cdn.csgoskins.gg/public/uih/items/aHR0cHM6Ly9jZG4uY3Nnb3NraW5zLmdnL3B1YmxpYy9pbWFnZXMvYnVja2V0cy9lY29uL2RlZmF1bHRfZ2VuZXJhdGVkL3Nwb3J0eV9nbG92ZXNfc3BvcnR5X2phZ3Vhcl9saWdodC5jMjZjZTNjYzE1OTc2OTczNzg0ZDNhN2E1NDk1MjE1YTNkNjI0MTcwLnBuZw--/auto/auto/85/notrim/95e0ac56416b30982034b59f8f42979f.png,https://csgoskins.gg/items/sport-gloves-nocts,$486.25,"$3,138.69"
Sport Gloves,Omega,https://cdn.csgoskins.gg/public/uih/items/aHR0cHM6Ly9jZG4uY3Nnb3NraW5zLmdnL3B1YmxpYy9pbWFnZXMvYnVja2V0cy9lY29uL2RlZmF1bHRfZ2VuZXJhdGVkL3Nwb3J0eV9nbG92ZXNfc3BvcnR5X2JsYWNrX3dlYmJpbmdfeWVsbG93X2xpZ2h0LjIyZDZkMmMzYTBiMjcyMTJlYjI4OGY3ZmU2NTE5YzQ1MGZmMzFmZjgucG5n/auto/auto/85/notrim/5e49a91ae0c39596f7be567e5792181c.png,https://csgoskins.gg/items/sport-gloves-omega,$186.36,"$2,211.21"
Hand Wraps,Overprint,https://cdn.csgoskins.gg/public/uih/items/aHR0cHM6Ly9jZG4uY3Nnb3NraW5zLmdnL3B1YmxpYy9pbWFnZXMvYnVja2V0cy9lY29uL2RlZmF1bHRfZ2VuZXJhdGVkL2xlYXRoZXJfaGFuZHdyYXBzX2hhbmR3cmFwX2xlYXRoZXJ5X2ZhYnJpY19nZW9tZXRyaWNfYmx1ZV9saWdodC4yZWE4MmM4Y2I4ZTIwZmMyMjNiNGQ3ODhkYWEwMTU1NTA3OTU3Njc4LnBuZw--/auto/auto/85/notrim/6e59cb678e51e9a8ee8127e0e6c921fc.png,https://csgoskins.gg/items/hand-wraps-overprint,$93.05,$527.47
Driver Gloves,Overtake,https://cdn.csgoskins.gg/public/uih/items/aHR0cHM6Ly9jZG4uY3Nnb3NraW5zLmdnL3B1YmxpYy9pbWFnZXMvYnVja2V0cy9lY29uL2RlZmF1bHRfZ2VuZXJhdGVkL3NsaWNrX2dsb3Zlc19zbGlja19zdGl0Y2hlZF9ibGFja19vcmFuZ2VfbGlnaHQuODRlNWY2YTIxYzI4NDRmOWJlMTk2M2M4OGEwY2NlOGRlNjdmMWUxNi5wbmc-/auto/auto/85/notrim/fbb0aa4860d7ff68b1b46188960e671f.png,https://csgoskins.gg/items/driver-gloves-overtake,$62.49,$434.00
Sport Gloves,Pandora's Box,https://cdn.csgoskins.gg/public/uih/items/aHR0cHM6Ly9jZG4uY3Nnb3NraW5zLmdnL3B1YmxpYy9pbWFnZXMvYnVja2V0cy9lY29uL2RlZmF1bHRfZ2VuZXJhdGVkL3Nwb3J0eV9nbG92ZXNfc3BvcnR5X3B1cnBsZV9saWdodC4wNTM0ZWE4Mjc3ODEyNDI2NGFhMWIyNTA4M2YzODIxM2U1Y2JhOGRiLnBuZw--/auto/auto/85/notrim/e79e39425ca98165fa9c7b28756e7f1d.png,https://csgoskins.gg/items/sport-gloves-pandoras-box,"$2,894.86","$25,749.29"
Moto Gloves,Polygon,https://cdn.csgoskins.gg/public/uih/items/aHR0cHM6Ly9jZG4uY3Nnb3NraW5zLmdnL3B1YmxpYy9pbWFnZXMvYnVja2V0cy9lY29uL2RlZmF1bHRfZ2VuZXJhdGVkL21vdG9yY3ljbGVfZ2xvdmVzX21vdG9yY3ljbGVfdHJpZ3JpZF9ibHVlX2xpZ2h0LjA5OTNkNzUyNGMzYWZhZWIzNGZlMjhlZjJhZDQ0ZTY2NzNmMjNiMjEucG5n/auto/auto/85/notrim/743fb4033b3d1c8e8e91939def4f4a28.png,https://csgoskins.gg/items/moto-gloves-polygon,$111.14,$699.80
Moto Gloves,POW!,https://cdn.csgoskins.gg/public/uih/items/aHR0cHM6Ly9jZG4uY3Nnb3NraW5zLmdnL3B1YmxpYy9pbWFnZXMvYnVja2V0cy9lY29uL2RlZmF1bHRfZ2VuZXJhdGVkL21vdG9yY3ljbGVfZ2xvdmVzX21vdG9yY3ljbGVfY2hvY29fYm9vbV9saWdodC43ZmE2MjZiZDAzYTQ5YjIyZGM1ZGVjOTc3M2FjMGQyMzlhODc4N2JjLnBuZw--/auto/auto/85/notrim/8a61c5c1e61138208428675e9830f1e7.png,https://csgoskins.gg/items/moto-gloves-pow,$75.01,$898.73
Driver Gloves,Queen Jaguar,https://cdn.csgoskins.gg/public/uih/items/aHR0cHM6Ly9jZG4uY3Nnb3NraW5zLmdnL3B1YmxpYy9pbWFnZXMvYnVja2V0cy9lY29uL2RlZmF1bHRfZ2VuZXJhdGVkL3NsaWNrX2dsb3Zlc19zbGlja19qYWd1YXJfeWVsbG93X2xpZ2h0LmY2NDIzMTNhM2MwYmZjMTZjZGM2YzY1NzJhMGMyMjA4ZjBiZjgyMWIucG5n/auto/auto/85/notrim/d2fd9be16d9d703d775986a578fb0087.png,https://csgoskins.gg/items/driver-gloves-queen-jaguar,$67.41,$486.53
Driver Gloves,Racing Green,https://cdn.csgoskins.gg/public/uih/items/aHR0cHM6Ly9jZG4uY3Nnb3NraW5zLmdnL3B1YmxpYy9pbWFnZXMvYnVja2V0cy9lY29uL2RlZmF1bHRfZ2VuZXJhdGVkL3NsaWNrX2dsb3Zlc19zbGlja19zdGl0Y2hlZF9ncmVlbl9ncmV5X2xpZ2h0LjkxOTE5NTQxNGE5Y2NmYmJmMzhlNGM2MThiODQ2ZDdhMjAyYTliNDEucG5n/auto/auto/85/notrim/256b3d908480364ed2dcb552819de78d.png,https://csgoskins.gg/items/driver-gloves-racing-green,$38.49,$379.84
Hydra Gloves,Rattler,https://cdn.csgoskins.gg/public/uih/items/aHR0cHM6Ly9jZG4uY3Nnb3NraW5zLmdnL3B1YmxpYy9pbWFnZXMvYnVja2V0cy9lY29uL2RlZmF1bHRfZ2VuZXJhdGVkL3N0dWRkZWRfaHlkcmFfZ2xvdmVzX2Jsb29kaG91bmRfaHlkcmFfc25ha2Vza2luX2JyYXNzX2xpZ2h0LmRkNjU2MmNkNDYwMzk0ODdlNzRiZTE0MjgyODJkNmJjNDllMjE2NjUucG5n/auto/auto/85/notrim/7d0a2eaa15cf0225f9eee4d9deb36313.png,https://csgoskins.gg/items/hydra-gloves-rattler,$38.66,$225.31
Driver Gloves,Rezan the Red,https://cdn.csgoskins.gg/public/uih/items/aHR0cHM6Ly9jZG4uY3Nnb3NraW5zLmdnL3B1YmxpYy9pbWFnZXMvYnVja2V0cy9lY29uL2RlZmF1bHRfZ2VuZXJhdGVkL3NsaWNrX2dsb3Zlc19zbGlja19yZXphbl9saWdodC40ZDczNWVjNzFjMzk4ODAzMWE0YzA0YTYzYWI5MjM4M2IxYzQ4YzI4LnBuZw--/auto/auto/85/notrim/43ecd4174ce43d54bf8d92028a5343e7.png,https://csgoskins.gg/items/driver-gloves-rezan-the-red,$81.92,$761.63
Sport Gloves,Scarlet Shamagh,https://cdn.csgoskins.gg/public/uih/items/aHR0cHM6Ly9jZG4uY3Nnb3NraW5zLmdnL3B1YmxpYy9pbWFnZXMvYnVja2V0cy9lY29uL2RlZmF1bHRfZ2VuZXJhdGVkL3Nwb3J0eV9nbG92ZXNfc3BvcnR5X2hvdW5kc3Rvb3RoX3JlZF9saWdodC4yZWJkNjg1Y2FjZDNlOGNjODIwMGNjOTk4NDQ1YWQ5MGQ3OTg5YjEyLnBuZw--/auto/auto/85/notrim/e2947890728e18d3114ba5fe43394f28.png,https://csgoskins.gg/items/sport-gloves-scarlet-shamagh,$207.89,"$1,399.67"
Hand Wraps,Slaughter,https://cdn.csgoskins.gg/public/uih/items/aHR0cHM6Ly9jZG4uY3Nnb3NraW5zLmdnL3B1YmxpYy9pbWFnZXMvYnVja2V0cy9lY29uL2RlZmF1bHRfZ2VuZXJhdGVkL2xlYXRoZXJfaGFuZHdyYXBzX2hhbmR3cmFwX3JlZF9zbGF1Z2h0ZXJfbGlnaHQuZjIzODYwNjhlYjk3Yzc3NGVmMGYwMDA1ZmViYmI1YzQ3ZjJmZmMwYS5wbmc-/auto/auto/85/notrim/be12a3e024030a8230b8fdf07c6a3a60.png,https://csgoskins.gg/items/hand-wraps-slaughter,$258.99,"$1,866.78"
Sport Gloves,Slingshot,https://cdn.csgoskins.gg/public/uih/items/aHR0cHM6Ly9jZG4uY3Nnb3NraW5zLmdnL3B1YmxpYy9pbWFnZXMvYnVja2V0cy9lY29uL2RlZmF1bHRfZ2VuZXJhdGVkL3Nwb3J0eV9nbG92ZXNfc3BvcnR5X3NsaW5nc2hvdF9saWdodC43MTdhNjFhYmYyZTNjMDIzY2FiM2M4MTk5M2EwYTkwOWMwNDA5NGRlLnBuZw--/auto/auto/85/notrim/55416dc46b12eaeed310e60afda889be.png,https://csgoskins.gg/items/sport-gloves-slingshot,$252.54,"$3,878.76"
Moto Gloves,Smoke Out,https://cdn.csgoskins.gg/public/uih/items/aHR0cHM6Ly9jZG4uY3Nnb3NraW5zLmdnL3B1YmxpYy9pbWFnZXMvYnVja2V0cy9lY29uL2RlZmF1bHRfZ2VuZXJhdGVkL21vdG9yY3ljbGVfZ2xvdmVzX21vdG9yY3ljbGVfc21va2VfbGlnaHQuOGM4MTc0MzE0NThkZmI1M2I0YzVjZTY0ZjEzMzQxNmY5YmNlNTg0ZS5wbmc-/auto/auto/85/notrim/1929822a62711fb7f9d138fbab07059a.png,https://csgoskins.gg/items/moto-gloves-smoke-out,$104.84,$861.58
Bloodhound Gloves,Snakebite,https://cdn.csgoskins.gg/public/uih/items/aHR0cHM6Ly9jZG4uY3Nnb3NraW5zLmdnL3B1YmxpYy9pbWFnZXMvYnVja2V0cy9lY29uL2RlZmF1bHRfZ2VuZXJhdGVkL3N0dWRkZWRfYmxvb2Rob3VuZF9nbG92ZXNfYmxvb2Rob3VuZF9zbmFrZXNraW5fYnJhc3NfbGlnaHQuMmE3ZWI0NGIyNDZmYjk2ZDhiNzMzNzdjN2JkNzgxMjk5OGYxOTZjMi5wbmc-/auto/auto/85/notrim/52eac8879f12ba8b29cda8b6ab8be5ff.png,https://csgoskins.gg/items/bloodhound-gloves-snakebite,$91.91,$559.76
Driver Gloves,Snow Leopard,https://cdn.csgoskins.gg/public/uih/items/aHR0cHM6Ly9jZG4uY3Nnb3NraW5zLmdnL3B1YmxpYy9pbWFnZXMvYnVja2V0cy9lY29uL2RlZmF1bHRfZ2VuZXJhdGVkL3NsaWNrX2dsb3Zlc19zbGlja19qYWd1YXJfd2hpdGVfbGlnaHQuOThkNTFlZmNjYzA1YzM1YzlhMjcxYmRjZjIxYmMwNDU5ODc5MTdkZC5wbmc-/auto/auto/85/notrim/df1b5bf83dc5e6ed1e54b34b7d9a6045.png,https://csgoskins.gg/items/driver-gloves-snow-leopard,$270.00,"$2,415.48"
Moto Gloves,Spearmint,https://cdn.csgoskins.gg/public/uih/items/aHR0cHM6Ly9jZG4uY3Nnb3NraW5zLmdnL3B1YmxpYy9pbWFnZXMvYnVja2V0cy9lY29uL2RlZmF1bHRfZ2VuZXJhdGVkL21vdG9yY3ljbGVfZ2xvdmVzX21vdG9yY3ljbGVfbWludF90cmlhbmdsZV9saWdodC5jM2FlZTJlOTZkMWY5NDU5ZjM0OGQ1YWMzYjMxZDc4ZjkxNDgyMWY4LnBuZw--/auto/auto/85/notrim/b9ffd16019f31f1a279f6c85635f9b57.png,https://csgoskins.gg/items/moto-gloves-spearmint,$487.78,"$9,477.86"
Hand Wraps,Spruce DDPAT,https://cdn.csgoskins.gg/public/uih/items/aHR0cHM6Ly9jZG4uY3Nnb3NraW5zLmdnL3B1YmxpYy9pbWFnZXMvYnVja2V0cy9lY29uL2RlZmF1bHRfZ2VuZXJhdGVkL2xlYXRoZXJfaGFuZHdyYXBzX2hhbmR3cmFwX2NhbW9fZ3JleV9saWdodC43MjZjODhhNjc0Mjc4MGM5MzA2M2QyYjc0MGQ3ZTY5MGZjZWZmYWZlLnBuZw--/auto/auto/85/notrim/9343788909f0e4b188820690e49c3ddf.png,https://csgoskins.gg/items/hand-wraps-spruce-ddpat,$120.53,"$1,120.11"
Sport Gloves,Superconductor,https://cdn.csgoskins.gg/public/uih/items/aHR0cHM6Ly9jZG4uY3Nnb3NraW5zLmdnL3B1YmxpYy9pbWFnZXMvYnVja2V0cy9lY29uL2RlZmF1bHRfZ2VuZXJhdGVkL3Nwb3J0eV9nbG92ZXNfc3BvcnR5X2xpZ2h0X2JsdWVfbGlnaHQuNjQ4MmUzOGNjZmU4ZTIwMDZjMjg1OTkwOWUwZmM3ZjEyZGQyMTRmNS5wbmc-/auto/auto/85/notrim/a0df3052127b3c8dca9ffa01f6608b06.png,https://csgoskins.gg/items/sport-gloves-superconductor,"$1,145.47","$12,062.06"
Specialist Gloves,Tiger Strike,https://cdn.csgoskins.gg/public/uih/items/aHR0cHM6Ly9jZG4uY3Nnb3NraW5zLmdnL3B1YmxpYy9pbWFnZXMvYnVja2V0cy9lY29uL2RlZmF1bHRfZ2VuZXJhdGVkL3NwZWNpYWxpc3RfZ2xvdmVzX3NwZWNpYWxpc3RfdGlnZXJfb3JhbmdlX2xpZ2h0LjIyODdkZTZhNzllOWIxMmYwZTZiYTJlMmQ3ZjUzNjdiYjdmNDI1NjkucG5n/auto/auto/85/notrim/15d6f90832832bc93debdfcc1555df76.png,https://csgoskins.gg/items/specialist-gloves-tiger-strike,$131.69,"$1,498.97"
Moto Gloves,Transport,https://cdn.csgoskins.gg/public/uih/items/aHR0cHM6Ly9jZG4uY3Nnb3NraW5zLmdnL3B1YmxpYy9pbWFnZXMvYnVja2V0cy9lY29uL2RlZmF1bHRfZ2VuZXJhdGVkL21vdG9yY3ljbGVfZ2xvdmVzX21vdG9yY3ljbGVfeWVsbG93X2NhbW9fbGlnaHQuYzEwZmU3YTY2NTk4MmI5NjkzODk3ODM4ZTJhMjA5YTBkNGVmZTY0OC5wbmc-/auto/auto/85/notrim/894189949ffdc9efeff970d82bf578d3.png,https://csgoskins.gg/items/moto-gloves-transport,$48.11,$372.16
Moto Gloves,Turtle,https://cdn.csgoskins.gg/public/uih/items/aHR0cHM6Ly9jZG4uY3Nnb3NraW5zLmdnL3B1YmxpYy9pbWFnZXMvYnVja2V0cy9lY29uL2RlZmF1bHRfZ2VuZXJhdGVkL21vdG9yY3ljbGVfZ2xvdmVzX21vdG9yY3ljbGVfYmFzaWNfZ3JlZW5fb3JhbmdlX2xpZ2h0LjY2Njc2YjUxYjI5ZmZmYjZkNzdjZjRkNDA4ODNhY2UwZmM5MDUxMDQucG5n/auto/auto/85/notrim/7bd0680c276c8ffbc2862f40103a39e6.png,https://csgoskins.gg/items/moto-gloves-turtle,$75.97,$648.66
Broken Fang Gloves,Unhinged,https://cdn.csgoskins.gg/public/uih/items/aHR0cHM6Ly9jZG4uY3Nnb3NraW5zLmdnL3B1YmxpYy9pbWFnZXMvYnVja2V0cy9lY29uL2RlZmF1bHRfZ2VuZXJhdGVkL3N0dWRkZWRfYnJva2VuZmFuZ19nbG92ZXNfb3BlcmF0aW9uMTBfc25ha2Vza2luX2JsYWNrX2xpZ2h0LjkxMWU5ODk0OGMyMTEzZGNhMTI4ZTcyNjViYTU3ODU2NWNiMjZiYmEucG5n/auto/auto/85/notrim/fcd9c468bab629772a2b73743831d96e.png,https://csgoskins.gg/items/broken-fang-gloves-unhinged,$62.83,$325.83
Sport Gloves,Vice,https://cdn.csgoskins.gg/public/uih/items/aHR0cHM6Ly9jZG4uY3Nnb3NraW5zLmdnL3B1YmxpYy9pbWFnZXMvYnVja2V0cy9lY29uL2RlZmF1bHRfZ2VuZXJhdGVkL3Nwb3J0eV9nbG92ZXNfc3BvcnR5X2JsdWVfcGlua19saWdodC4yNDkwMzZkMmUwMjc0NmExMTZkYThhYjg3MDA5NGQwYzRhNjFjOWU5LnBuZw--/auto/auto/85/notrim/28b0a5dd9a12436338f0324bfd67eb5b.png,https://csgoskins.gg/items/sport-gloves-vice,$367.96,"$8,499.95"
Broken Fang Gloves,Yellow-banded,https://cdn.csgoskins.gg/public/uih/items/aHR0cHM6Ly9jZG4uY3Nnb3NraW5zLmdnL3B1YmxpYy9pbWFnZXMvYnVja2V0cy9lY29uL2RlZmF1bHRfZ2VuZXJhdGVkL3N0dWRkZWRfYnJva2VuZmFuZ19nbG92ZXNfb3BlcmF0aW9uMTBfcG9pc29uX2Zyb2dfYmxhY2tfeWVsbG93X2xpZ2h0LmQ1NDE2ZjBmNWExNDU4MmRjMzBiYmIyMjJjOWI3YmMxNDVjMTU5ZGQucG5n/auto/auto/85/notrim/2017bd412edc4277ff10ffcd1ece7d2b.png,https://csgoskins.gg/items/broken-fang-gloves-yellow-banded,$58.22,$330.29
