Knife,Skin,Image,Price Link,Min_Price,Max_Price,Stat_Min_Price,Stat_Max_Price
Moto Gloves,3rd Commando Company,https://cdn.csgoskins.gg/public/uih/items/aHR0cHM6Ly9jZG4uY3Nnb3NraW5zLmdnL3B1YmxpYy9pbWFnZXMvYnVja2V0cy9lY29uL2RlZmF1bHRfZ2VuZXJhdGVkL21vdG9yY3ljbGVfZ2xvdmVzX21vdG9yY3ljbGVfY29tbWFuZG9fa3NrX2xpZ2h0LjJlZTFjNjYyMjg4ZWZiZGY1Yzg1NmMxMDkyMWU4NGY2MTY0M2EwMTEucG5n/auto/auto/85/notrim/40518c8311b8d39763848bbb69c7574b.png,https://csgoskins.gg/items/moto-gloves-3rd-commando-company,$51.22,$343.94
Sport Gloves,Amphibious,https://cdn.csgoskins.gg/public/uih/items/aHR0cHM6Ly9jZG4uY3Nnb3NraW5zLmdnL3B1YmxpYy9pbWFnZXMvYnVja2V0cy9lY29uL2RlZmF1bHRfZ2VuZXJhdGVkL3Nwb3J0eV9nbG92ZXNfc3BvcnR5X3BvaXNvbl9mcm9nX2JsdWVfd2hpdGVfbGlnaHQuOGJhMjZiY2FjNzVjOGQ0NzM3MWU0YmU3ZmFkMzQ0ZDRlYTUzZGMyYS5wbmc-/auto/auto/85/notrim/303335e651087e04b1329f3e76b79e57.png,https://csgoskins.gg/items/sport-gloves-amphibious,$291.60,"$3,893.08"
Hand Wraps,Arboreal,https://cdn.csgoskins.gg/public/uih/items/aHR0cHM6Ly9jZG4uY3Nnb3NraW5zLmdnL3B1YmxpYy9pbWFnZXMvYnVja2V0cy9lY29uL2RlZmF1bHRfZ2VuZXJhdGVkL2xlYXRoZXJfaGFuZHdyYXBzX2hhbmR3cmFwX2xlYXRoZXJ5X2ZhYnJpY19ncmVlbl9jYW1vX2xpZ2h0LmZmNjhkY2Q3ZDA3YTQxYTBiOTlkYjFhNzUwZTVjYzE3NjdlZTc3MzIucG5n/auto/auto/85/notrim/f5260fd44ae470c49f92ec1d15674702.png,https://csgoskins.gg/items/hand-wraps-arboreal,$55.82,$287.59
Sport Gloves,Arid,https://cdn.csgoskins.gg/public/uih/items/aHR0cHM6Ly9jZG4uY3Nnb3NraW5zLmdnL3B1YmxpYy9pbWFnZXMvYnVja2V0cy9lY29uL2RlZmF1bHRfZ2VuZXJhdGVkL3Nwb3J0eV9nbG92ZXNfc3BvcnR5X21pbGl0YXJ5X2xpZ2h0LmI2YmJmYTc1YjlmOTJhYWIzYjM4OWZmMmUzYTA1OGU0YmY1MDkzMTkucG5n/auto/auto/85/notrim/e506d27fbde8704b064615f3780ad29c.png,https://csgoskins.gg/items/sport-gloves-arid,$472.19,"$6,371.78"
Hand Wraps,Badlands,https://cdn.csgoskins.gg/public/uih/items/aHR0cHM6Ly9jZG4uY3Nnb3NraW5zLmdnL3B1YmxpYy9pbWFnZXMvYnVja2V0cy9lY29uL2RlZmF1bHRfZ2VuZXJhdGVkL2xlYXRoZXJfaGFuZHdyYXBzX2hhbmR3cmFwX2ZhYnJpY19vcmFuZ2VfY2Ftb19saWdodC44ZDBjOTRlZDg3NmYwNDUzNjE0Nzg4MTNkYzUxMjY4ODg0NjdmYWZlLnBuZw--/auto/auto/85/notrim/fe1e4f7d8888b70e94fe7efe4f9e5673.png,https://csgoskins.gg/items/hand-wraps-badlands,$171.09,"$1,643.39"
Sport Gloves,Big Game,https://cdn.csgoskins.gg/public/uih/items/aHR0cHM6Ly9jZG4uY3Nnb3NraW5zLmdnL3B1YmxpYy9pbWFnZXMvYnVja2V0cy9lY29uL2RlZmF1bHRfZ2VuZXJhdGVkL3Nwb3J0eV9nbG92ZXNfc3BvcnR5X2h1bnRlcl9saWdodC4wNzdkYjExNWE3OWY2OTg0OGE1OGQ5YTRkNzk0MTVmYzE5ZjM0NTQ3LnBuZw--/auto/auto/85/notrim/b61ad9628a36e6adb1db35122d793903.png,https://csgoskins.gg/items/sport-gloves-big-game,$155.65,"$1,010.87"
Driver Gloves,Black Tie,https://cdn.csgoskins.gg/public/uih/items/aHR0cHM6Ly9jZG4uY3Nnb3NraW5zLmdnL3B1YmxpYy9pbWFnZXMvYnVja2V0cy9lY29uL2RlZmF1bHRfZ2VuZXJhdGVkL3NsaWNrX2dsb3Zlc19zbGlja19zdGl0Y2hlZF9ibGFja193aGl0ZV9saWdodC4yMTVlMmJkYjc5ZWQ0OTgzN2U1ZjE4NmFlNzgwZGEyODgxMjI5MjdiLnBuZw--/auto/auto/85/notrim/ca69af299acf32dda9d3b8327c9cc213.png,https://csgoskins.gg/items/driver-gloves-black-tie,$121.98,"$1,650.00"
Moto Gloves,Blood Pressure,https://cdn.csgoskins.gg/public/uih/items/aHR0cHM6Ly9jZG4uY3Nnb3NraW5zLmdnL3B1YmxpYy9pbWFnZXMvYnVja2V0cy9lY29uL2RlZmF1bHRfZ2VuZXJhdGVkL21vdG9yY3ljbGVfZ2xvdmVzX21vdG9yY3ljbGVfY2FyYm9uZmliZXJfcmVkX2xpZ2h0LjU0NTkyMzlkNjdhNTZhM2Q3ODU4MGU3ZTY4OTYxOGUxMGJiYmM2YjgucG5n/auto/auto/85/notrim/7d09c50eb74b5a0235fac7feada39a18.png,https://csgoskins.gg/items/moto-gloves-blood-pressure,$93.27,$804.99
Moto Gloves,Boom!,https://cdn.csgoskins.gg/public/uih/items/aHR0cHM6Ly9jZG4uY3Nnb3NraW5zLmdnL3B1YmxpYy9pbWFnZXMvYnVja2V0cy9lY29uL2RlZmF1bHRfZ2VuZXJhdGVkL21vdG9yY3ljbGVfZ2xvdmVzX21vdG9yY3ljbGVfbW9ub19ib29tX2xpZ2h0LmFhY2NkMzMwYzY5Y2FmNzgzZTk4NTc1NGU4N2NlMWI3M2JmNTc5YjgucG5n/auto/auto/85/notrim/e341d6f0bb514801241e5b93f6be6483.png,https://csgoskins.gg/items/moto-gloves-boom,$129.85,"$1,346.98"
Bloodhound Gloves,Bronzed,https://cdn.csgoskins.gg/public/uih/items/aHR0cHM6Ly9jZG4uY3Nnb3NraW5zLmdnL3B1YmxpYy9pbWFnZXMvYnVja2V0cy9lY29uL2RlZmF1bHRfZ2VuZXJhdGVkL3N0dWRkZWRfYmxvb2Rob3VuZF9nbG92ZXNfYmxvb2Rob3VuZF9tZXRhbGxpY19saWdodC5iZGE2N2VlMmVlYmM5MGM2Y2Y2NTg4MjVkYjRlZWNhYWEwYzRkMzM5LnBuZw--/auto/auto/85/notrim/8b3c82493f5c0ac0c6b9614bb6c50b1b.png,https://csgoskins.gg/items/bloodhound-gloves-bronzed,$94.35,"$1,298.06"
Sport Gloves,Bronze Morph,https://cdn.csgoskins.gg/public/uih/items/aHR0cHM6Ly9jZG4uY3Nnb3NraW5zLmdnL3B1YmxpYy9pbWFnZXMvYnVja2V0cy9lY29uL2RlZmF1bHRfZ2VuZXJhdGVkL3Nwb3J0eV9nbG92ZXNfc3BvcnR5X3BvaXNvbl9mcm9nX3JlZF9ncmVlbl9saWdodC4wZGI2NTQ4ZDgzZjI4ZGYxMmM0MGM3ZTgxNTVlZjZlNWM0MzZkZTg3LnBuZw--/auto/auto/85/notrim/c95926eb3028f1f00342e4eb19588c78.png,https://csgoskins.gg/items/sport-gloves-bronze-morph,$103.47,$796.73
Specialist Gloves,Buckshot,https://cdn.csgoskins.gg/public/uih/items/aHR0cHM6Ly9jZG4uY3Nnb3NraW5zLmdnL3B1YmxpYy9pbWFnZXMvYnVja2V0cy9lY29uL2RlZmF1bHRfZ2VuZXJhdGVkL3NwZWNpYWxpc3RfZ2xvdmVzX3NwZWNpYWxpc3RfZm9yZXN0X2Jyb3duX2xpZ2h0LjYwMTk0M2NkN2QzNmUzNjg5NzhhN2Y0N2NmNDJkMjNkN2FiNjJlZjgucG5n/auto/auto/85/notrim/576420f0e0e1b0432732c48de0deb728.png,https://csgoskins.gg/items/specialist-gloves-buckshot,$58.76,$400.00
Hydra Gloves,Case HardeneD,https://cdn.csgoskins.gg/public/uih/items/aHR0cHM6Ly9jZG4uY3Nnb3NraW5zLmdnL3B1YmxpYy9pbWFnZXMvYnVja2V0cy9lY29uL2RlZmF1bHRfZ2VuZXJhdGVkL3N0dWRkZWRfaHlkcmFfZ2xvdmVzX2Jsb29kaG91bmRfaHlkcmFfY2FzZV9oYXJkZW5lZF9saWdodC40MWIzZDFkYjI5YjllMmVhMGQ1ZGVkMWM0ZDEwNDgxODBiMGVmMWIxLnBuZw--/auto/auto/85/notrim/88fb0624cf6616e817dec6664e9931b4.png,https://csgoskins.gg/items/hydra-gloves-case-hardened,$66.77,$400.00
Hand Wraps,CAUTION,https://cdn.csgoskins.gg/public/uih/items/aHR0cHM6Ly9jZG4uY3Nnb3NraW5zLmdnL3B1YmxpYy9pbWFnZXMvYnVja2V0cy9lY29uL2RlZmF1bHRfZ2VuZXJhdGVkL2xlYXRoZXJfaGFuZHdyYXBzX2hhbmR3cmFwX2xlYXRoZXJ5X2NhdXRpb25fbGlnaHQuMDI0OTMzN2Q3NmFkYTUwZWRjMGM1MDk1OTI5MmFiZDI1MmVmM2U4OC5wbmc-/auto/auto/85/notrim/4292eeb5c976521bd44cbb0bd6b48b9a.png,https://csgoskins.gg/items/hand-wraps-caution,$125.99,$915.00
Bloodhound Gloves,Charred,https://cdn.csgoskins.gg/public/uih/items/aHR0cHM6Ly9jZG4uY3Nnb3NraW5zLmdnL3B1YmxpYy9pbWFnZXMvYnVja2V0cy9lY29uL2RlZmF1bHRfZ2VuZXJhdGVkL3N0dWRkZWRfYmxvb2Rob3VuZF9nbG92ZXNfYmxvb2Rob3VuZF9ibGFja19zaWx2ZXJfbGlnaHQuOGMzNTgwZjQ1MDhkMjQxYTQ3YWJjNjE2ZDk0ZGZiM2QyZmNlYzM0Yy5wbmc-/auto/auto/85/notrim/fb00d0966b126ea3ce609db3515591e4.png,https://csgoskins.gg/items/bloodhound-gloves-charred,$115.64,$998.59
Hand Wraps,Cobalt Skulls,https://cdn.csgoskins.gg/public/uih/items/aHR0cHM6Ly9jZG4uY3Nnb3NraW5zLmdnL3B1YmxpYy9pbWFnZXMvYnVja2V0cy9lY29uL2RlZmF1bHRfZ2VuZXJhdGVkL2xlYXRoZXJfaGFuZHdyYXBzX2hhbmR3cmFwX2xlYXRoZXJ5X2ZhYnJpY19ibHVlX3NrdWxsc19saWdodC45MDE5M2NkZTZmNWIxYzVjZmFkNGZjNThlMmFlZTEyYWIzOGU3ZGI5LnBuZw--/auto/auto/85/notrim/1660d7e1ebc223876b522eddde0dae5b.png,https://csgoskins.gg/items/hand-wraps-cobalt-skulls,$201.96,"$1,696.90"
Hand Wraps,Constrictor,https://cdn.csgoskins.gg/public/uih/items/aHR0cHM6Ly9jZG4uY3Nnb3NraW5zLmdnL3B1YmxpYy9pbWFnZXMvYnVja2V0cy9lY29uL2RlZmF1bHRfZ2VuZXJhdGVkL2xlYXRoZXJfaGFuZHdyYXBzX2hhbmR3cmFwX2xlYXRoZXJ5X3NuYWtlc2tpbl9vcmFuZ2VfbGlnaHQuOGE1ZTQxZTkwNzQ2MTQ5M2YyMWE0MjEyN2E0ODI0MTMxYThiNjM1Mi5wbmc-/auto/auto/85/notrim/b3d274d293ac3420750505e8de92b391.png,https://csgoskins.gg/items/hand-wraps-constrictor,$58.66,$380.00
Driver Gloves,Convoy,https://cdn.csgoskins.gg/public/uih/items/aHR0cHM6Ly9jZG4uY3Nnb3NraW5zLmdnL3B1YmxpYy9pbWFnZXMvYnVja2V0cy9lY29uL2RlZmF1bHRfZ2VuZXJhdGVkL3NsaWNrX2dsb3Zlc19zbGlja19taWxpdGFyeV9saWdodC5lMzRjODgyNmNjZmVlNzg1YTY5NmIzZmJkYmQ3OTMyNTdiMGQ5NGM4LnBuZw--/auto/auto/85/notrim/3d2758697664aa6caced49915380a590.png,https://csgoskins.gg/items/driver-gloves-convoy,$89.99,"$1,141.17"
Moto Gloves,Cool Mint,https://cdn.csgoskins.gg/public/uih/items/aHR0cHM6Ly9jZG4uY3Nnb3NraW5zLmdnL3B1YmxpYy9pbWFnZXMvYnVja2V0cy9lY29uL2RlZmF1bHRfZ2VuZXJhdGVkL21vdG9yY3ljbGVfZ2xvdmVzX21vdG9yY3ljbGVfdHJpYW5nbGVfYmx1ZV9saWdodC43ZTIxYzQ0ZGNhM2QxMDAyZWMxMjRhZTk4MzZiM2ExNGU1NmJkOGM2LnBuZw--/auto/auto/85/notrim/8abbae4c025ac044ad8c50c04e18371d.png,https://csgoskins.gg/items/moto-gloves-cool-mint,$237.53,"$3,918.11"
Specialist Gloves,Crimson Kimono,https://cdn.csgoskins.gg/public/uih/items/aHR0cHM6Ly9jZG4uY3Nnb3NraW5zLmdnL3B1YmxpYy9pbWFnZXMvYnVja2V0cy9lY29uL2RlZmF1bHRfZ2VuZXJhdGVkL3NwZWNpYWxpc3RfZ2xvdmVzX3NwZWNpYWxpc3Rfa2ltb25vX2RpYW1vbmRzX3JlZF9saWdodC43NGU4OGFmNWIzYjM1NmI4MjQ1OGNjNmE4YzMxZjA3ZDI2Y2U3OWEyLnBuZw--/auto/auto/85/notrim/1beed733967fd56a8bd6dd44a158f23c.png,https://csgoskins.gg/items/specialist-gloves-crimson-kimono,"$1,508.57","$12,583.59"
Driver Gloves,Crimson Weave,https://cdn.csgoskins.gg/public/uih/items/aHR0cHM6Ly9jZG4uY3Nnb3NraW5zLmdnL3B1YmxpYy9pbWFnZXMvYnVja2V0cy9lY29uL2RlZmF1bHRfZ2VuZXJhdGVkL3NsaWNrX2dsb3Zlc19zbGlja19yZWRfbGlnaHQuYTFmZTg3OTc3MzViN2YwYWJmMDE2M2E5MzVlN2I0MWEzOTNhOTYzOC5wbmc-/auto/auto/85/notrim/247e6a1a7fed197cda966659b7083d85.png,https://csgoskins.gg/items/driver-gloves-crimson-weave,$397.76,"$5,672.06"
Specialist Gloves,Crimson WeB,https://cdn.csgoskins.gg/public/uih/items/aHR0cHM6Ly9jZG4uY3Nnb3NraW5zLmdnL3B1YmxpYy9pbWFnZXMvYnVja2V0cy9lY29uL2RlZmF1bHRfZ2VuZXJhdGVkL3NwZWNpYWxpc3RfZ2xvdmVzX3NwZWNpYWxpc3Rfd2Vic19yZWRfbGlnaHQuNjAxM2ExNmE5NTRiZTdmNDVjMDhjZjJkM2I4NmMxY2VkNmNhMDEwNC5wbmc-/auto/auto/85/notrim/ccf91450c328edf927a66718fc48b578.png,https://csgoskins.gg/items/specialist-gloves-crimson-web,$124.94,"$1,718.93"
Hand Wraps,Desert Shamagh,https://cdn.csgoskins.gg/public/uih/items/aHR0cHM6Ly9jZG4uY3Nnb3NraW5zLmdnL3B1YmxpYy9pbWFnZXMvYnVja2V0cy9lY29uL2RlZmF1bHRfZ2VuZXJhdGVkL2xlYXRoZXJfaGFuZHdyYXBzX2hhbmR3cmFwX2ZhYnJpY19ob3VuZHN0b290aF9vcmFuZ2VfbGlnaHQuNDdkN2M2ZTJmNmQyNDUzMzBiMmUyNmI0NGU5OGYzYThjMDdhN2YxNS5wbmc-/auto/auto/85/notrim/7d4b94a052a05ae23be72c6142a8ba8b.png,https://csgoskins.gg/items/hand-wraps-desert-shamagh,$54.54,$603.99
Driver Gloves,Diamondback,https://cdn.csgoskins.gg/public/uih/items/aHR0cHM6Ly9jZG4uY3Nnb3NraW5zLmdnL3B1YmxpYy9pbWFnZXMvYnVja2V0cy9lY29uL2RlZmF1bHRfZ2VuZXJhdGVkL3NsaWNrX2dsb3Zlc19zbGlja19zbmFrZXNraW5feWVsbG93X2xpZ2h0LmE2N2MxZjQzZTFhZDBmYjIxY2YzYjhmNWM5Y2E4Yzg4N2E2YTVlNGQucG5n/auto/auto/85/notrim/b69551dd855ad4cf05f41a0116efaaea.png,https://csgoskins.gg/items/driver-gloves-diamondback,$163.95,"$1,840.22"
Hand Wraps,Duct Tape,https://cdn.csgoskins.gg/public/uih/items/aHR0cHM6Ly9jZG4uY3Nnb3NraW5zLmdnL3B1YmxpYy9pbWFnZXMvYnVja2V0cy9lY29uL2RlZmF1bHRfZ2VuZXJhdGVkL2xlYXRoZXJfaGFuZHdyYXBzX2hhbmR3cmFwX2xlYXRoZXJ5X2R1Y3R0YXBlX2xpZ2h0LjU3ZDY0ZmM0NzA5MWI1MTZhMjc3NzhmN2FjODAzNTlhZTViZmJjZDEucG5n/auto/auto/85/notrim/7cbeafc104349e3b3d5001c07cd4014c.png,https://csgoskins.gg/items/hand-wraps-duct-tape,$58.96,$430.00
Moto Gloves,Eclipse,https://cdn.csgoskins.gg/public/uih/items/aHR0cHM6Ly9jZG4uY3Nnb3NraW5zLmdnL3B1YmxpYy9pbWFnZXMvYnVja2V0cy9lY29uL2RlZmF1bHRfZ2VuZXJhdGVkL21vdG9yY3ljbGVfZ2xvdmVzX21vdG9yY3ljbGVfYmFzaWNfYmxhY2tfbGlnaHQuYTFlMDE2OGQ2OTk0Y2ZkYTI1YmY2ZWRlYmZiNmE4MTRjMGU5MDEwZi5wbmc-/auto/auto/85/notrim/6b2d4c8e3d7659e5a967efd1186a5868.png,https://csgoskins.gg/items/moto-gloves-eclipse,$118.00,"$1,340.96"
Hydra Gloves,Emerald,https://cdn.csgoskins.gg/public/uih/items/aHR0cHM6Ly9jZG4uY3Nnb3NraW5zLmdnL3B1YmxpYy9pbWFnZXMvYnVja2V0cy9lY29uL2RlZmF1bHRfZ2VuZXJhdGVkL3N0dWRkZWRfaHlkcmFfZ2xvdmVzX2Jsb29kaG91bmRfaHlkcmFfYmxhY2tfZ3JlZW5fbGlnaHQuMWQ5MDg5YzFlY2UyMjk3NDA5MzVlZWUxMWNiMGZiZTM5ZWNiZTU4MC5wbmc-/auto/auto/85/notrim/259f182af5f091e2861cfd43a2c998e1.png,https://csgoskins.gg/items/hydra-gloves-emerald,$45.26,$278.18
Specialist Gloves,Emerald Web,https://cdn.csgoskins.gg/public/uih/items/aHR0cHM6Ly9jZG4uY3Nnb3NraW5zLmdnL3B1YmxpYy9pbWFnZXMvYnVja2V0cy9lY29uL2RlZmF1bHRfZ2VuZXJhdGVkL3NwZWNpYWxpc3RfZ2xvdmVzX3NwZWNpYWxpc3RfZW1lcmFsZF93ZWJfbGlnaHQuMThkMDc1YTZiNzI0ZmI5Y2YzNTk5Y2Q0MmEwOGYyNGFjYjFhZTE3Zi5wbmc-/auto/auto/85/notrim/673ad057cc04c5bd049860c644395f3d.png,https://csgoskins.gg/items/specialist-gloves-emerald-web,$531.80,"$9,188.65"
Specialist Gloves,FadE,https://cdn.csgoskins.gg/public/uih/items/aHR0cHM6Ly9jZG4uY3Nnb3NraW5zLmdnL3B1YmxpYy9pbWFnZXMvYnVja2V0cy9lY29uL2RlZmF1bHRfZ2VuZXJhdGVkL3NwZWNpYWxpc3RfZ2xvdmVzX3NwZWNpYWxpc3RfZmFkZV9saWdodC4wNjJmY2Y3YzQyNDg2YmVkNmQxNzcxZTlhZDFmNjBjZmNjZTlkZGIwLnBuZw--/auto/auto/85/notrim/4a29c74dde00c7aabecfac00ee4d87e1.png,https://csgoskins.gg/items/specialist-gloves-fade,$143.91,"$2,333.22"
Specialist Gloves,Field Agent,https://cdn.csgoskins.gg/public/uih/items/aHR0cHM6Ly9jZG4uY3Nnb3NraW5zLmdnL3B1YmxpYy9pbWFnZXMvYnVja2V0cy9lY29uL2RlZmF1bHRfZ2VuZXJhdGVkL3NwZWNpYWxpc3RfZ2xvdmVzX3NwZWNpYWxpc3RfZmJpX2xpZ2h0LjQwN2QwOGYxOGUwZDkyNzExMDVjYWM4NjZiZTQ3Y2IzZGFjOWY1MGYucG5n/auto/auto/85/notrim/44ae88e7fbcde438a6e1c790870229d1.png,https://csgoskins.gg/items/specialist-gloves-field-agent,$115.87,"$1,347.71"
Moto Gloves,Finish Line,https://cdn.csgoskins.gg/public/uih/items/aHR0cHM6Ly9jZG4uY3Nnb3NraW5zLmdnL3B1YmxpYy9pbWFnZXMvYnVja2V0cy9lY29uL2RlZmF1bHRfZ2VuZXJhdGVkL21vdG9yY3ljbGVfZ2xvdmVzX21vdG9yY3ljbGVfY2hlY2tlcl9mbGFnX2JsdWVfZ3JlZW5fbGlnaHQuNjUxMjYyOWU2Y2VjZWJiN2FiNmExODI0NWViYzkxNDNlYTg3MmJmOS5wbmc-/auto/auto/85/notrim/bea12fcc78284af643ee2956e14d283b.png,https://csgoskins.gg/items/moto-gloves-finish-line,$74.40,$798.87
Specialist Gloves,ForesT DDPAT,https://cdn.csgoskins.gg/public/uih/items/aHR0cHM6Ly9jZG4uY3Nnb3NraW5zLmdnL3B1YmxpYy9pbWFnZXMvYnVja2V0cy9lY29uL2RlZmF1bHRfZ2VuZXJhdGVkL3NwZWNpYWxpc3RfZ2xvdmVzX3NwZWNpYWxpc3RfZGRwYXRfZ3JlZW5fY2Ftb19saWdodC42NmIyN2E2MGY2MzM1ZjZiZDhiZDY3MjNiOGYxM2ZmOTE5NWQ2ODhjLnBuZw--/auto/auto/85/notrim/1142139635d8ab99c12004b6cce15932.png,https://csgoskins.gg/items/specialist-gloves-forest-ddpat,$123.56,"$1,216.13"
Specialist Gloves,Foundation,https://cdn.csgoskins.gg/public/uih/items/aHR0cHM6Ly9jZG4uY3Nnb3NraW5zLmdnL3B1YmxpYy9pbWFnZXMvYnVja2V0cy9lY29uL2RlZmF1bHRfZ2VuZXJhdGVkL3NwZWNpYWxpc3RfZ2xvdmVzX3NwZWNpYWxpc3Rfb3JhbmdlX3doaXRlX2xpZ2h0LmE1NjA5NzA1YjJkZjM1YjViYTIxNWY5YjdiYTcxMGRlMGRmOTc2NTIucG5n/auto/auto/85/notrim/c0a189099ec5b9616441fe6bf2acf41d.png,https://csgoskins.gg/items/specialist-gloves-foundation,$257.30,"$3,495.06"
Hand Wraps,Giraffe,https://cdn.csgoskins.gg/public/uih/items/aHR0cHM6Ly9jZG4uY3Nnb3NraW5zLmdnL3B1YmxpYy9pbWFnZXMvYnVja2V0cy9lY29uL2RlZmF1bHRfZ2VuZXJhdGVkL2xlYXRoZXJfaGFuZHdyYXBzX2hhbmR3cmFwX2xlYXRoZXJ5X2ZhYnJpY19naXJhZmZlX2xpZ2h0LmY4YmVlNWE5ZjVkODE3ODgwMWNhYjExOTYwNzdmZDA3YzhlNTI5YzAucG5n/auto/auto/85/notrim/ead460a8e35ff87e4da278e359ac5e0a.png,https://csgoskins.gg/items/hand-wraps-giraffe,$54.56,$413.99
Bloodhound Gloves,Guerrilla,https://cdn.csgoskins.gg/public/uih/items/aHR0cHM6Ly9jZG4uY3Nnb3NraW5zLmdnL3B1YmxpYy9pbWFnZXMvYnVja2V0cy9lY29uL2RlZmF1bHRfZ2VuZXJhdGVkL3N0dWRkZWRfYmxvb2Rob3VuZF9nbG92ZXNfYmxvb2Rob3VuZF9ndWVycmlsbGFfbGlnaHQuYTlmM2U3ZmM4ZjYxZDlhM2QyOTQyYWZjNWMyYjc3YWM1MWZmMjMwMy5wbmc-/auto/auto/85/notrim/952b2d2b9a586c2d5bf3736c774321f5.png,https://csgoskins.gg/items/bloodhound-gloves-guerrilla,$92.31,$650.83
Sport Gloves,Hedge Maze,https://cdn.csgoskins.gg/public/uih/items/aHR0cHM6Ly9jZG4uY3Nnb3NraW5zLmdnL3B1YmxpYy9pbWFnZXMvYnVja2V0cy9lY29uL2RlZmF1bHRfZ2VuZXJhdGVkL3Nwb3J0eV9nbG92ZXNfc3BvcnR5X2dyZWVuX2xpZ2h0LjFjOTY3NjUyYzZmMTY0MGIwODYzMjA0MGUzZTZjZGMwMzEzZTRmNGQucG5n/auto/auto/85/notrim/700601bec56013aef7c7efb574dab27f.png,https://csgoskins.gg/items/sport-gloves-hedge-maze,"$3,005.57","$27,659.16"
Driver Gloves,Imperial Plaid,https://cdn.csgoskins.gg/public/uih/items/aHR0cHM6Ly9jZG4uY3Nnb3NraW5zLmdnL3B1YmxpYy9pbWFnZXMvYnVja2V0cy9lY29uL2RlZmF1bHRfZ2VuZXJhdGVkL3NsaWNrX2dsb3Zlc19zbGlja19wbGFpZF9wdXJwbGVfbGlnaHQuNzU1NjVkMTc0NzEzNWU0ZDg2YmM1MDM5NGQyZmZmZjlhNmRhMzkxOS5wbmc-/auto/auto/85/notrim/7ea622247f507067d933d5621cda5c2a.png,https://csgoskins.gg/items/driver-gloves-imperial-plaid,$183.89,"$1,450.00"
Broken Fang Gloves,Jade,https://cdn.csgoskins.gg/public/uih/items/aHR0cHM6Ly9jZG4uY3Nnb3NraW5zLmdnL3B1YmxpYy9pbWFnZXMvYnVja2V0cy9lY29uL2RlZmF1bHRfZ2VuZXJhdGVkL3N0dWRkZWRfYnJva2VuZmFuZ19nbG92ZXNfb3BlcmF0aW9uMTBfbWV0YWxpY19ncmVlbl9saWdodC4xYzE0OTI2YTk0NTI1Yzc4OWQwYjc2ZGNlZmYyNjM1YTYzZTcxMDIyLnBuZw--/auto/auto/85/notrim/96210d947d360348e4bea378e1c779cf.png,https://csgoskins.gg/items/broken-fang-gloves-jade,$85.65,$665.63
Driver Gloves,King Snake,https://cdn.csgoskins.gg/public/uih/items/aHR0cHM6Ly9jZG4uY3Nnb3NraW5zLmdnL3B1YmxpYy9pbWFnZXMvYnVja2V0cy9lY29uL2RlZmF1bHRfZ2VuZXJhdGVkL3NsaWNrX2dsb3Zlc19zbGlja19zbmFrZXNraW5fd2hpdGVfbGlnaHQuZWJmMGJmZjIyYTdiMDcxMDA1ZjZiNzUwM2VlN2IwNDRhZWJiMWQwNy5wbmc-/auto/auto/85/notrim/3aabb84e34adc36a3abc7be3450e78fc.png,https://csgoskins.gg/items/driver-gloves-king-snake,$136.05,"$3,738.65"
Hand Wraps,Leather,https://cdn.csgoskins.gg/public/uih/items/aHR0cHM6Ly9jZG4uY3Nnb3NraW5zLmdnL3B1YmxpYy9pbWFnZXMvYnVja2V0cy9lY29uL2RlZmF1bHRfZ2VuZXJhdGVkL2xlYXRoZXJfaGFuZHdyYXBzX2hhbmR3cmFwX2xlYXRoZXJ5X2xpZ2h0LjRkYzM4ZGU1OGZlNTM1MTM5YzBmNTk2MjgwYWQ0NDU1NDMyNTllNzgucG5n/auto/auto/85/notrim/a8126ec61e892b285d2a039a8cde86b1.png,https://csgoskins.gg/items/hand-wraps-leather,$249.00,"$2,049.00"
Specialist Gloves,Lt. Commander,https://cdn.csgoskins.gg/public/uih/items/aHR0cHM6Ly9jZG4uY3Nnb3NraW5zLmdnL3B1YmxpYy9pbWFnZXMvYnVja2V0cy9lY29uL2RlZmF1bHRfZ2VuZXJhdGVkL3NwZWNpYWxpc3RfZ2xvdmVzX3NwZWNpYWxpc3Rfcmlja3Nhd19jYW1vX2xpZ2h0LmQwM2NmYzA0MTVjZWViM2VlYThkZmZjYmIyYzQ0MjczNDEwNjEyOWYucG5n/auto/auto/85/notrim/0e188f8386732e42483be00b70206e86.png,https://csgoskins.gg/items/specialist-gloves-lt-commander,$100.52,$991.45
Driver Gloves,Lunar Weave,https://cdn.csgoskins.gg/public/uih/items/aHR0cHM6Ly9jZG4uY3Nnb3NraW5zLmdnL3B1YmxpYy9pbWFnZXMvYnVja2V0cy9lY29uL2RlZmF1bHRfZ2VuZXJhdGVkL3NsaWNrX2dsb3Zlc19zbGlja19ibGFja19saWdodC5iOTBkMjUxYTNjYTEyNmJkMDA5NGFiMDQzNzczZjExYTNiNjE4Nzg2LnBuZw--/auto/auto/85/notrim/32b07e112fb4a9144fb066ae69465933.png,https://csgoskins.gg/items/driver-gloves-lunar-weave,$173.00,"$2,500.00"
Hydra Gloves,Mangrove,https://cdn.csgoskins.gg/public/uih/items/aHR0cHM6Ly9jZG4uY3Nnb3NraW5zLmdnL3B1YmxpYy9pbWFnZXMvYnVja2V0cy9lY29uL2RlZmF1bHRfZ2VuZXJhdGVkL3N0dWRkZWRfaHlkcmFfZ2xvdmVzX2Jsb29kaG91bmRfaHlkcmFfZ3JlZW5fbGVhdGhlcl9tZXNoX2JyYXNzX2xpZ2h0LmM1ZTg2MTJiMDU2NDE4YjljNjk0YTU0N2MyMzA4ZmE2Mjk1YjRmMzkucG5n/auto/auto/85/notrim/4dcba066b582339ee0b00780284c29df.png,https://csgoskins.gg/items/hydra-gloves-mangrove,$40.10,$250.00
Specialist Gloves,Marble FadE,https://cdn.csgoskins.gg/public/uih/items/aHR0cHM6Ly9jZG4uY3Nnb3NraW5zLmdnL3B1YmxpYy9pbWFnZXMvYnVja2V0cy9lY29uL2RlZmF1bHRfZ2VuZXJhdGVkL3NwZWNpYWxpc3RfZ2xvdmVzX3NwZWNpYWxpc3RfbWFyYmxlX2ZhZGVfbGlnaHQuZjNjYjY2ZDI4YjU5OTM0NTAwZGMxYTI5NzEwMGRiZjA0MDNmNTQ2Yi5wbmc-/auto/auto/85/notrim/e58346561a35281266f009f0bb7d020e.png,https://csgoskins.gg/items/specialist-gloves-marble-fade,$131.08,"$2,200.00"
Specialist Gloves,Mogul,https://cdn.csgoskins.gg/public/uih/items/aHR0cHM6Ly9jZG4uY3Nnb3NraW5zLmdnL3B1YmxpYy9pbWFnZXMvYnVja2V0cy9lY29uL2RlZmF1bHRfZ2VuZXJhdGVkL3NwZWNpYWxpc3RfZ2xvdmVzX3NwZWNpYWxpc3Rfd2ludGVyaGV4X2xpZ2h0Ljk1ZDYyYjRiMmYwNGEzYTRlMzkyYTk4OTc5M2Y0YTNmMzE1ODM3MzMucG5n/auto/auto/85/notrim/4d50dce0344aff5053f830217397e4e9.png,https://csgoskins.gg/items/specialist-gloves-mogul,$106.48,$791.82
Broken Fang Gloves,Needle Point,https://cdn.csgoskins.gg/public/uih/items/aHR0cHM6Ly9jZG4uY3Nnb3NraW5zLmdnL3B1YmxpYy9pbWFnZXMvYnVja2V0cy9lY29uL2RlZmF1bHRfZ2VuZXJhdGVkL3N0dWRkZWRfYnJva2VuZmFuZ19nbG92ZXNfb3BlcmF0aW9uMTBfZmxvcmFsX2xpZ2h0LjE3NjU4MjE2M2JlNjI4NjhmZjhiN2MxMWRlMDU4YWFjZjRmY2I3NDUucG5n/auto/auto/85/notrim/e4cfc9e905f5bf1587e40f44c624ad3d.png,https://csgoskins.gg/items/broken-fang-gloves-needle-point,$55.36,$304.35
Sport Gloves,Nocts,https://cdn.csgoskins.gg/public/uih/items/aHR0cHM6Ly9jZG4uY3Nnb3NraW5zLmdnL3B1YmxpYy9pbWFnZXMvYnVja2V0cy9lY29uL2RlZmF1bHRfZ2VuZXJhdGVkL3Nwb3J0eV9nbG92ZXNfc3BvcnR5X2phZ3Vhcl9saWdodC5jMjZjZTNjYzE1OTc2OTczNzg0ZDNhN2E1NDk1MjE1YTNkNjI0MTcwLnBuZw--/auto/auto/85/notrim/95e0ac56416b30982034b59f8f42979f.png,https://csgoskins.gg/items/sport-gloves-nocts,$505.94,"$3,522.73"
Sport Gloves,Omega,https://cdn.csgoskins.gg/public/uih/items/aHR0cHM6Ly9jZG4uY3Nnb3NraW5zLmdnL3B1YmxpYy9pbWFnZXMvYnVja2V0cy9lY29uL2RlZmF1bHRfZ2VuZXJhdGVkL3Nwb3J0eV9nbG92ZXNfc3BvcnR5X2JsYWNrX3dlYmJpbmdfeWVsbG93X2xpZ2h0LjIyZDZkMmMzYTBiMjcyMTJlYjI4OGY3ZmU2NTE5YzQ1MGZmMzFmZjgucG5n/auto/auto/85/notrim/5e49a91ae0c39596f7be567e5792181c.png,https://csgoskins.gg/items/sport-gloves-omega,$186.45,"$2,595.97"
Hand Wraps,Overprint,https://cdn.csgoskins.gg/public/uih/items/aHR0cHM6Ly9jZG4uY3Nnb3NraW5zLmdnL3B1YmxpYy9pbWFnZXMvYnVja2V0cy9lY29uL2RlZmF1bHRfZ2VuZXJhdGVkL2xlYXRoZXJfaGFuZHdyYXBzX2hhbmR3cmFwX2xlYXRoZXJ5X2ZhYnJpY19nZW9tZXRyaWNfYmx1ZV9saWdodC4yZWE4MmM4Y2I4ZTIwZmMyMjNiNGQ3ODhkYWEwMTU1NTA3OTU3Njc4LnBuZw--/auto/auto/85/notrim/6e59cb678e51e9a8ee8127e0e6c921fc.png,https://csgoskins.gg/items/hand-wraps-overprint,$84.67,$649.96
Driver Gloves,Overtake,https://cdn.csgoskins.gg/public/uih/items/aHR0cHM6Ly9jZG4uY3Nnb3NraW5zLmdnL3B1YmxpYy9pbWFnZXMvYnVja2V0cy9lY29uL2RlZmF1bHRfZ2VuZXJhdGVkL3NsaWNrX2dsb3Zlc19zbGlja19zdGl0Y2hlZF9ibGFja19vcmFuZ2VfbGlnaHQuODRlNWY2YTIxYzI4NDRmOWJlMTk2M2M4OGEwY2NlOGRlNjdmMWUxNi5wbmc-/auto/auto/85/notrim/fbb0aa4860d7ff68b1b46188960e671f.png,https://csgoskins.gg/items/driver-gloves-overtake,$58.90,$518.92
Sport Gloves,Pandora's Box,https://cdn.csgoskins.gg/public/uih/items/aHR0cHM6Ly9jZG4uY3Nnb3NraW5zLmdnL3B1YmxpYy9pbWFnZXMvYnVja2V0cy9lY29uL2RlZmF1bHRfZ2VuZXJhdGVkL3Nwb3J0eV9nbG92ZXNfc3BvcnR5X3B1cnBsZV9saWdodC4wNTM0ZWE4Mjc3ODEyNDI2NGFhMWIyNTA4M2YzODIxM2U1Y2JhOGRiLnBuZw--/auto/auto/85/notrim/e79e39425ca98165fa9c7b28756e7f1d.png,https://csgoskins.gg/items/sport-gloves-pandoras-box,"$3,040.00","$35,391.71"
Moto Gloves,Polygon,https://cdn.csgoskins.gg/public/uih/items/aHR0cHM6Ly9jZG4uY3Nnb3NraW5zLmdnL3B1YmxpYy9pbWFnZXMvYnVja2V0cy9lY29uL2RlZmF1bHRfZ2VuZXJhdGVkL21vdG9yY3ljbGVfZ2xvdmVzX21vdG9yY3ljbGVfdHJpZ3JpZF9ibHVlX2xpZ2h0LjA5OTNkNzUyNGMzYWZhZWIzNGZlMjhlZjJhZDQ0ZTY2NzNmMjNiMjEucG5n/auto/auto/85/notrim/743fb4033b3d1c8e8e91939def4f4a28.png,https://csgoskins.gg/items/moto-gloves-polygon,$102.51,$820.09
Moto Gloves,POW!,https://cdn.csgoskins.gg/public/uih/items/aHR0cHM6Ly9jZG4uY3Nnb3NraW5zLmdnL3B1YmxpYy9pbWFnZXMvYnVja2V0cy9lY29uL2RlZmF1bHRfZ2VuZXJhdGVkL21vdG9yY3ljbGVfZ2xvdmVzX21vdG9yY3ljbGVfY2hvY29fYm9vbV9saWdodC43ZmE2MjZiZDAzYTQ5YjIyZGM1ZGVjOTc3M2FjMGQyMzlhODc4N2JjLnBuZw--/auto/auto/85/notrim/8a61c5c1e61138208428675e9830f1e7.png,https://csgoskins.gg/items/moto-gloves-pow,$69.29,$989.00
Driver Gloves,Queen Jaguar,https://cdn.csgoskins.gg/public/uih/items/aHR0cHM6Ly9jZG4uY3Nnb3NraW5zLmdnL3B1YmxpYy9pbWFnZXMvYnVja2V0cy9lY29uL2RlZmF1bHRfZ2VuZXJhdGVkL3NsaWNrX2dsb3Zlc19zbGlja19qYWd1YXJfeWVsbG93X2xpZ2h0LmY2NDIzMTNhM2MwYmZjMTZjZGM2YzY1NzJhMGMyMjA4ZjBiZjgyMWIucG5n/auto/auto/85/notrim/d2fd9be16d9d703d775986a578fb0087.png,https://csgoskins.gg/items/driver-gloves-queen-jaguar,$61.22,$574.59
Driver Gloves,Racing Green,https://cdn.csgoskins.gg/public/uih/items/aHR0cHM6Ly9jZG4uY3Nnb3NraW5zLmdnL3B1YmxpYy9pbWFnZXMvYnVja2V0cy9lY29uL2RlZmF1bHRfZ2VuZXJhdGVkL3NsaWNrX2dsb3Zlc19zbGlja19zdGl0Y2hlZF9ncmVlbl9ncmV5X2xpZ2h0LjkxOTE5NTQxNGE5Y2NmYmJmMzhlNGM2MThiODQ2ZDdhMjAyYTliNDEucG5n/auto/auto/85/notrim/256b3d908480364ed2dcb552819de78d.png,https://csgoskins.gg/items/driver-gloves-racing-green,$41.67,$397.99
Hydra Gloves,Rattler,https://cdn.csgoskins.gg/public/uih/items/aHR0cHM6Ly9jZG4uY3Nnb3NraW5zLmdnL3B1YmxpYy9pbWFnZXMvYnVja2V0cy9lY29uL2RlZmF1bHRfZ2VuZXJhdGVkL3N0dWRkZWRfaHlkcmFfZ2xvdmVzX2Jsb29kaG91bmRfaHlkcmFfc25ha2Vza2luX2JyYXNzX2xpZ2h0LmRkNjU2MmNkNDYwMzk0ODdlNzRiZTE0MjgyODJkNmJjNDllMjE2NjUucG5n/auto/auto/85/notrim/7d0a2eaa15cf0225f9eee4d9deb36313.png,https://csgoskins.gg/items/hydra-gloves-rattler,$39.59,$240.43
Driver Gloves,Rezan the Red,https://cdn.csgoskins.gg/public/uih/items/aHR0cHM6Ly9jZG4uY3Nnb3NraW5zLmdnL3B1YmxpYy9pbWFnZXMvYnVja2V0cy9lY29uL2RlZmF1bHRfZ2VuZXJhdGVkL3NsaWNrX2dsb3Zlc19zbGlja19yZXphbl9saWdodC40ZDczNWVjNzFjMzk4ODAzMWE0YzA0YTYzYWI5MjM4M2IxYzQ4YzI4LnBuZw--/auto/auto/85/notrim/43ecd4174ce43d54bf8d92028a5343e7.png,https://csgoskins.gg/items/driver-gloves-rezan-the-red,$78.00,$849.00
Sport Gloves,Scarlet Shamagh,https://cdn.csgoskins.gg/public/uih/items/aHR0cHM6Ly9jZG4uY3Nnb3NraW5zLmdnL3B1YmxpYy9pbWFnZXMvYnVja2V0cy9lY29uL2RlZmF1bHRfZ2VuZXJhdGVkL3Nwb3J0eV9nbG92ZXNfc3BvcnR5X2hvdW5kc3Rvb3RoX3JlZF9saWdodC4yZWJkNjg1Y2FjZDNlOGNjODIwMGNjOTk4NDQ1YWQ5MGQ3OTg5YjEyLnBuZw--/auto/auto/85/notrim/e2947890728e18d3114ba5fe43394f28.png,https://csgoskins.gg/items/sport-gloves-scarlet-shamagh,$191.00,"$1,414.72"
Hand Wraps,SlaughteR,https://cdn.csgoskins.gg/public/uih/items/aHR0cHM6Ly9jZG4uY3Nnb3NraW5zLmdnL3B1YmxpYy9pbWFnZXMvYnVja2V0cy9lY29uL2RlZmF1bHRfZ2VuZXJhdGVkL2xlYXRoZXJfaGFuZHdyYXBzX2hhbmR3cmFwX3JlZF9zbGF1Z2h0ZXJfbGlnaHQuZjIzODYwNjhlYjk3Yzc3NGVmMGYwMDA1ZmViYmI1YzQ3ZjJmZmMwYS5wbmc-/auto/auto/85/notrim/be12a3e024030a8230b8fdf07c6a3a60.png,https://csgoskins.gg/items/hand-wraps-slaughter,$255.00,"$2,025.71"
Sport Gloves,Slingshot,https://cdn.csgoskins.gg/public/uih/items/aHR0cHM6Ly9jZG4uY3Nnb3NraW5zLmdnL3B1YmxpYy9pbWFnZXMvYnVja2V0cy9lY29uL2RlZmF1bHRfZ2VuZXJhdGVkL3Nwb3J0eV9nbG92ZXNfc3BvcnR5X3NsaW5nc2hvdF9saWdodC43MTdhNjFhYmYyZTNjMDIzY2FiM2M4MTk5M2EwYTkwOWMwNDA5NGRlLnBuZw--/auto/auto/85/notrim/55416dc46b12eaeed310e60afda889be.png,https://csgoskins.gg/items/sport-gloves-slingshot,$255.99,"$4,374.47"
Moto Gloves,Smoke Out,https://cdn.csgoskins.gg/public/uih/items/aHR0cHM6Ly9jZG4uY3Nnb3NraW5zLmdnL3B1YmxpYy9pbWFnZXMvYnVja2V0cy9lY29uL2RlZmF1bHRfZ2VuZXJhdGVkL21vdG9yY3ljbGVfZ2xvdmVzX21vdG9yY3ljbGVfc21va2VfbGlnaHQuOGM4MTc0MzE0NThkZmI1M2I0YzVjZTY0ZjEzMzQxNmY5YmNlNTg0ZS5wbmc-/auto/auto/85/notrim/1929822a62711fb7f9d138fbab07059a.png,https://csgoskins.gg/items/moto-gloves-smoke-out,$98.64,$901.75
Bloodhound Gloves,Snakebite,https://cdn.csgoskins.gg/public/uih/items/aHR0cHM6Ly9jZG4uY3Nnb3NraW5zLmdnL3B1YmxpYy9pbWFnZXMvYnVja2V0cy9lY29uL2RlZmF1bHRfZ2VuZXJhdGVkL3N0dWRkZWRfYmxvb2Rob3VuZF9nbG92ZXNfYmxvb2Rob3VuZF9zbmFrZXNraW5fYnJhc3NfbGlnaHQuMmE3ZWI0NGIyNDZmYjk2ZDhiNzMzNzdjN2JkNzgxMjk5OGYxOTZjMi5wbmc-/auto/auto/85/notrim/52eac8879f12ba8b29cda8b6ab8be5ff.png,https://csgoskins.gg/items/bloodhound-gloves-snakebite,$97.41,$606.19
Driver Gloves,Snow Leopard,https://cdn.csgoskins.gg/public/uih/items/aHR0cHM6Ly9jZG4uY3Nnb3NraW5zLmdnL3B1YmxpYy9pbWFnZXMvYnVja2V0cy9lY29uL2RlZmF1bHRfZ2VuZXJhdGVkL3NsaWNrX2dsb3Zlc19zbGlja19qYWd1YXJfd2hpdGVfbGlnaHQuOThkNTFlZmNjYzA1YzM1YzlhMjcxYmRjZjIxYmMwNDU5ODc5MTdkZC5wbmc-/auto/auto/85/notrim/df1b5bf83dc5e6ed1e54b34b7d9a6045.png,https://csgoskins.gg/items/driver-gloves-snow-leopard,$247.78,"$2,553.71"
Moto Gloves,Spearmint,https://cdn.csgoskins.gg/public/uih/items/aHR0cHM6Ly9jZG4uY3Nnb3NraW5zLmdnL3B1YmxpYy9pbWFnZXMvYnVja2V0cy9lY29uL2RlZmF1bHRfZ2VuZXJhdGVkL21vdG9yY3ljbGVfZ2xvdmVzX21vdG9yY3ljbGVfbWludF90cmlhbmdsZV9saWdodC5jM2FlZTJlOTZkMWY5NDU5ZjM0OGQ1YWMzYjMxZDc4ZjkxNDgyMWY4LnBuZw--/auto/auto/85/notrim/b9ffd16019f31f1a279f6c85635f9b57.png,https://csgoskins.gg/items/moto-gloves-spearmint,$524.54,"$11,253.80"
Hand Wraps,Spruce DDPAT,https://cdn.csgoskins.gg/public/uih/items/aHR0cHM6Ly9jZG4uY3Nnb3NraW5zLmdnL3B1YmxpYy9pbWFnZXMvYnVja2V0cy9lY29uL2RlZmF1bHRfZ2VuZXJhdGVkL2xlYXRoZXJfaGFuZHdyYXBzX2hhbmR3cmFwX2NhbW9fZ3JleV9saWdodC43MjZjODhhNjc0Mjc4MGM5MzA2M2QyYjc0MGQ3ZTY5MGZjZWZmYWZlLnBuZw--/auto/auto/85/notrim/9343788909f0e4b188820690e49c3ddf.png,https://csgoskins.gg/items/hand-wraps-spruce-ddpat,$143.34,"$1,512.15"
Sport Gloves,Superconductor,https://cdn.csgoskins.gg/public/uih/items/aHR0cHM6Ly9jZG4uY3Nnb3NraW5zLmdnL3B1YmxpYy9pbWFnZXMvYnVja2V0cy9lY29uL2RlZmF1bHRfZ2VuZXJhdGVkL3Nwb3J0eV9nbG92ZXNfc3BvcnR5X2xpZ2h0X2JsdWVfbGlnaHQuNjQ4MmUzOGNjZmU4ZTIwMDZjMjg1OTkwOWUwZmM3ZjEyZGQyMTRmNS5wbmc-/auto/auto/85/notrim/a0df3052127b3c8dca9ffa01f6608b06.png,https://csgoskins.gg/items/sport-gloves-superconductor,"$1,200.10","$15,006.08"
Specialist Gloves,Tiger Strike,https://cdn.csgoskins.gg/public/uih/items/aHR0cHM6Ly9jZG4uY3Nnb3NraW5zLmdnL3B1YmxpYy9pbWFnZXMvYnVja2V0cy9lY29uL2RlZmF1bHRfZ2VuZXJhdGVkL3NwZWNpYWxpc3RfZ2xvdmVzX3NwZWNpYWxpc3RfdGlnZXJfb3JhbmdlX2xpZ2h0LjIyODdkZTZhNzllOWIxMmYwZTZiYTJlMmQ3ZjUzNjdiYjdmNDI1NjkucG5n/auto/auto/85/notrim/15d6f90832832bc93debdfcc1555df76.png,https://csgoskins.gg/items/specialist-gloves-tiger-strike,$125.36,"$1,639.41"
Moto Gloves,Transport,https://cdn.csgoskins.gg/public/uih/items/aHR0cHM6Ly9jZG4uY3Nnb3NraW5zLmdnL3B1YmxpYy9pbWFnZXMvYnVja2V0cy9lY29uL2RlZmF1bHRfZ2VuZXJhdGVkL21vdG9yY3ljbGVfZ2xvdmVzX21vdG9yY3ljbGVfeWVsbG93X2NhbW9fbGlnaHQuYzEwZmU3YTY2NTk4MmI5NjkzODk3ODM4ZTJhMjA5YTBkNGVmZTY0OC5wbmc-/auto/auto/85/notrim/894189949ffdc9efeff970d82bf578d3.png,https://csgoskins.gg/items/moto-gloves-transport,$49.56,$423.04
Moto Gloves,Turtle,https://cdn.csgoskins.gg/public/uih/items/aHR0cHM6Ly9jZG4uY3Nnb3NraW5zLmdnL3B1YmxpYy9pbWFnZXMvYnVja2V0cy9lY29uL2RlZmF1bHRfZ2VuZXJhdGVkL21vdG9yY3ljbGVfZ2xvdmVzX21vdG9yY3ljbGVfYmFzaWNfZ3JlZW5fb3JhbmdlX2xpZ2h0LjY2Njc2YjUxYjI5ZmZmYjZkNzdjZjRkNDA4ODNhY2UwZmM5MDUxMDQucG5n/auto/auto/85/notrim/7bd0680c276c8ffbc2862f40103a39e6.png,https://csgoskins.gg/items/moto-gloves-turtle,$74.20,$753.41
Broken Fang Gloves,Unhinged,https://cdn.csgoskins.gg/public/uih/items/aHR0cHM6Ly9jZG4uY3Nnb3NraW5zLmdnL3B1YmxpYy9pbWFnZXMvYnVja2V0cy9lY29uL2RlZmF1bHRfZ2VuZXJhdGVkL3N0dWRkZWRfYnJva2VuZmFuZ19nbG92ZXNfb3BlcmF0aW9uMTBfc25ha2Vza2luX2JsYWNrX2xpZ2h0LjkxMWU5ODk0OGMyMTEzZGNhMTI4ZTcyNjViYTU3ODU2NWNiMjZiYmEucG5n/auto/auto/85/notrim/fcd9c468bab629772a2b73743831d96e.png,https://csgoskins.gg/items/broken-fang-gloves-unhinged,$58.13,$363.84
Sport Gloves,Vice,https://cdn.csgoskins.gg/public/uih/items/aHR0cHM6Ly9jZG4uY3Nnb3NraW5zLmdnL3B1YmxpYy9pbWFnZXMvYnVja2V0cy9lY29uL2RlZmF1bHRfZ2VuZXJhdGVkL3Nwb3J0eV9nbG92ZXNfc3BvcnR5X2JsdWVfcGlua19saWdodC4yNDkwMzZkMmUwMjc0NmExMTZkYThhYjg3MDA5NGQwYzRhNjFjOWU5LnBuZw--/auto/auto/85/notrim/28b0a5dd9a12436338f0324bfd67eb5b.png,https://csgoskins.gg/items/sport-gloves-vice,$381.87,"$10,900.00"
Broken Fang Gloves,Yellow-banded,https://cdn.csgoskins.gg/public/uih/items/aHR0cHM6Ly9jZG4uY3Nnb3NraW5zLmdnL3B1YmxpYy9pbWFnZXMvYnVja2V0cy9lY29uL2RlZmF1bHRfZ2VuZXJhdGVkL3N0dWRkZWRfYnJva2VuZmFuZ19nbG92ZXNfb3BlcmF0aW9uMTBfcG9pc29uX2Zyb2dfYmxhY2tfeWVsbG93X2xpZ2h0LmQ1NDE2ZjBmNWExNDU4MmRjMzBiYmIyMjJjOWI3YmMxNDVjMTU5ZGQucG5n/auto/auto/85/notrim/2017bd412edc4277ff10ffcd1ece7d2b.png,https://csgoskins.gg/items/broken-fang-gloves-yellow-banded,$57.00,$429.99
