Gun,Skin,Image,Price Link,Min_Price,Max_Price
Sawed-Off,Amber Fade,https://cdn.csgoskins.gg/public/uih/items/aHR0cHM6Ly9jZG4uY3Nnb3NraW5zLmdnL3B1YmxpYy9pbWFnZXMvYnVja2V0cy9lY29uL2RlZmF1bHRfZ2VuZXJhdGVkL3dlYXBvbl9zYXdlZG9mZl9hYV9mYWRlX21ldGFsbGljX2xpZ2h0LmIzMmQzOGIwZTQwYzQwZjNiOWUwMmI0ZDJhNjEyY2EzNWE1MzkxNjIucG5n/auto/auto/85/notrim/d66a5e16ade1ea240cf36e4cb612939d.webp,https://csgoskins.gg/items/sawed-off-amber-fade,$0.13,$0.56
Sawed-Off,Analog Input,https://cdn.csgoskins.gg/public/uih/items/aHR0cHM6Ly9jZG4uY3Nnb3NraW5zLmdnL3B1YmxpYy9pbWFnZXMvYnVja2V0cy9lY29uL2RlZmF1bHRfZ2VuZXJhdGVkL3dlYXBvbl9zYXdlZG9mZl9zYXdlZG9mZl9nYW1lcl9saWdodC5kZDEyMWZjZTFiYmYyOTUzNjlmY2I5MTlkZGZiZjI1NWM2YmJiODQ2LnBuZw--/auto/auto/85/notrim/1adc9782f6ed29ae25299ec0e197bb8e.webp,https://csgoskins.gg/items/sawed-off-analog-input,$0.46,$2.12
XM1014,Ancient Lore,https://cdn.csgoskins.gg/public/uih/items/aHR0cHM6Ly9jZG4uY3Nnb3NraW5zLmdnL3B1YmxpYy9pbWFnZXMvYnVja2V0cy9lY29uL2RlZmF1bHRfZ2VuZXJhdGVkL3dlYXBvbl94bTEwMTRfYW1fYW5jaWVudF93YXJtX2xpZ2h0LmIzNGU4YWU1MmY3MzQ4MTcxZDkwYWQ3ZjUzMDNlNzQ4MmRhZGY2OTMucG5n/auto/auto/85/notrim/9f20496b373ca0b945d1f4d6e4d821a5.webp,https://csgoskins.gg/items/xm1014-ancient-lore,$51.46,$92.04
Nova,Antique,https://cdn.csgoskins.gg/public/uih/items/aHR0cHM6Ly9jZG4uY3Nnb3NraW5zLmdnL3B1YmxpYy9pbWFnZXMvYnVja2V0cy9lY29uL2RlZmF1bHRfZ2VuZXJhdGVkL3dlYXBvbl9ub3ZhX2N1X25vdmFfYW50aXF1ZV9saWdodC5mNDQ2MzhmNTk5ODA4ZmNlZjc0YjQzY2NkNDhjNzJlNDA1NTYyZGE2LnBuZw--/auto/auto/85/notrim/5191daaa11c53a314926e751445a514c.webp,https://csgoskins.gg/items/nova-antique,$9.33,$11.98
Sawed-Off,Apocalypto,https://cdn.csgoskins.gg/public/uih/items/aHR0cHM6Ly9jZG4uY3Nnb3NraW5zLmdnL3B1YmxpYy9pbWFnZXMvYnVja2V0cy9lY29uL2RlZmF1bHRfZ2VuZXJhdGVkL3dlYXBvbl9zYXdlZG9mZl9jdV9zYXdlZG9mZl9hcG9jYWx5cHRvX2xpZ2h0LmM5OTA1NTU0OTlhMDQzY2ZkMzNkN2MyZDU5YzlhYjhiNjAyNTNlMzYucG5n/auto/auto/85/notrim/df0221f6aac0483455510137b29c1675.webp,https://csgoskins.gg/items/sawed-off-apocalypto,$0.49,$5.48
Nova,Army Sheen,https://cdn.csgoskins.gg/public/uih/items/aHR0cHM6Ly9jZG4uY3Nnb3NraW5zLmdnL3B1YmxpYy9pbWFnZXMvYnVja2V0cy9lY29uL2RlZmF1bHRfZ2VuZXJhdGVkL3dlYXBvbl9ub3ZhX2FtX2FybXlfc2hpbmVfbGlnaHQuZTRlZGE4ZWIyM2IxNTVkMTI3MTYyN2Q4M2YzYTNlZWNmYzQ0OTc5ZS5wbmc-/auto/auto/85/notrim/d7e2a71015d58904acddb05a937e34ad.webp,https://csgoskins.gg/items/nova-army-sheen,$0.55,$0.75
Sawed-Off,Bamboo Shadow,https://cdn.csgoskins.gg/public/uih/items/aHR0cHM6Ly9jZG4uY3Nnb3NraW5zLmdnL3B1YmxpYy9pbWFnZXMvYnVja2V0cy9lY29uL2RlZmF1bHRfZ2VuZXJhdGVkL3dlYXBvbl9zYXdlZG9mZl9oeV9iYW1ib29fanVuZ2xlX2JsYWNrX2xpZ2h0LmNmYzNiNGE4MGQ5MWVmMmEyZWNhM2ZjY2Y0NjYyNTI5NzdkZTZiMTEucG5n/auto/auto/85/notrim/cfea9ac1a58dcd639ffe0f786f8928ab.webp,https://csgoskins.gg/items/sawed-off-bamboo-shadow,$3.93,$7.58
XM1014,Banana Leaf,https://cdn.csgoskins.gg/public/uih/items/aHR0cHM6Ly9jZG4uY3Nnb3NraW5zLmdnL3B1YmxpYy9pbWFnZXMvYnVja2V0cy9lY29uL2RlZmF1bHRfZ2VuZXJhdGVkL3dlYXBvbl94bTEwMTRfaHlfbGVhZl9ncmVlbl9saWdodC4wNTY3NDU4ZmFkMWZjYzg3MmQ2MDBhOGQwODRkODBlYzRhOGViOWUzLnBuZw--/auto/auto/85/notrim/a91e2356b9e0a32cde69d4aadba4764c.webp,https://csgoskins.gg/items/xm1014-banana-leaf,$9.97,$18.34
Nova,Baroque Orange,https://cdn.csgoskins.gg/public/uih/items/aHR0cHM6Ly9jZG4uY3Nnb3NraW5zLmdnL3B1YmxpYy9pbWFnZXMvYnVja2V0cy9lY29uL2RlZmF1bHRfZ2VuZXJhdGVkL3dlYXBvbl9ub3ZhX2FtX3ZlbmV0bzJfbGlnaHQuMTVlZDhmNzAxMTBiZjkwNmUzNDMzMjg0NzlhMDZkMGJmYzE4OGVmNS5wbmc-/auto/auto/85/notrim/24ebc73c1e05b00d5891d35b900e83fe.webp,https://csgoskins.gg/items/nova-baroque-orange,$95.89,$288.88
MAG-7,BI83 Spectrum,https://cdn.csgoskins.gg/public/uih/items/aHR0cHM6Ly9jZG4uY3Nnb3NraW5zLmdnL3B1YmxpYy9pbWFnZXMvYnVja2V0cy9lY29uL2RlZmF1bHRfZ2VuZXJhdGVkL3dlYXBvbl9tYWc3X2dzX21hZzdfYmlzbXV0aF9saWdodC5jMTE4OWUwMTVkMDc0NmVkYWNlZTRkY2MzNWM0MDhmNjI0OWY5YTQwLnBuZw--/auto/auto/85/notrim/cea0995b77bf28fe681394cf56c9bb23.webp,https://csgoskins.gg/items/mag-7-bi83-spectrum,$2.40,$8.45
Sawed-Off,Black Sand,https://cdn.csgoskins.gg/public/uih/items/aHR0cHM6Ly9jZG4uY3Nnb3NraW5zLmdnL3B1YmxpYy9pbWFnZXMvYnVja2V0cy9lY29uL2RlZmF1bHRfZ2VuZXJhdGVkL3dlYXBvbl9zYXdlZG9mZl9jdV9zYXdlZG9mZl9ibGFja19zYW5kX2xpZ2h0LmI5NDNlZmQ1NjhiNzgxY2JlYWZhNjI4ODlkNzdjODNjMzFjOWMzYTIucG5n/auto/auto/85/notrim/a9b26a3c98950b5012e6a60e14521d8f.webp,https://csgoskins.gg/items/sawed-off-black-sand,$0.10,$1.43
XM1014,Black Tie,https://cdn.csgoskins.gg/public/uih/items/aHR0cHM6Ly9jZG4uY3Nnb3NraW5zLmdnL3B1YmxpYy9pbWFnZXMvYnVja2V0cy9lY29uL2RlZmF1bHRfZ2VuZXJhdGVkL3dlYXBvbl94bTEwMTRfY3VfeG0xMDE0X3NwZWN0cnVtX2xpZ2h0LjBlNTU4YWE0NGFjOWFlZTk1ZjE4ODk5M2UzMmE0NWEyMDVmMjg2MDEucG5n/auto/auto/85/notrim/51c142349edb157cec3366d7bc238873.webp,https://csgoskins.gg/items/xm1014-black-tie,$1.04,$4.03
XM1014,Blaze Orange,https://cdn.csgoskins.gg/public/uih/items/aHR0cHM6Ly9jZG4uY3Nnb3NraW5zLmdnL3B1YmxpYy9pbWFnZXMvYnVja2V0cy9lY29uL2RlZmF1bHRfZ2VuZXJhdGVkL3dlYXBvbl94bTEwMTRfaHlfaHVudGVyX2JsYXplX29yYW5nZV9saWdodC5iNTBmMDE2OTQ0NTYyNGE5NGZjM2U5Nzg5MjI5NzhiODE3YzViNGFhLnBuZw--/auto/auto/85/notrim/0ffe1f2b07a3e025e17de1c9b2eaa9cc.webp,https://csgoskins.gg/items/xm1014-blaze-orange,$15.76,$210.25
Nova,Blaze Orange,https://cdn.csgoskins.gg/public/uih/items/aHR0cHM6Ly9jZG4uY3Nnb3NraW5zLmdnL3B1YmxpYy9pbWFnZXMvYnVja2V0cy9lY29uL2RlZmF1bHRfZ2VuZXJhdGVkL3dlYXBvbl9ub3ZhX2h5X2h1bnRlcl9ibGF6ZV9vcmFuZ2VfbGlnaHQuODU2NDhlNGYxZGQ4ZTg2NWMxN2E0ZTY4MzY2Y2ZhMDljNjM3NmIxMi5wbmc-/auto/auto/85/notrim/8f94f42f8688f3ebb9ee6609d64e374d.webp,https://csgoskins.gg/items/nova-blaze-orange,$21.56,$467.00
Nova,Bloomstick,https://cdn.csgoskins.gg/public/uih/items/aHR0cHM6Ly9jZG4uY3Nnb3NraW5zLmdnL3B1YmxpYy9pbWFnZXMvYnVja2V0cy9lY29uL2RlZmF1bHRfZ2VuZXJhdGVkL3dlYXBvbl9ub3ZhX2N1X3NwcmluZ19ub3ZhX2xpZ2h0Ljg1MjM0YzgwOGM1OWM1YjdlNGVlNGE5YTJmNjdlOTU3MTNlMWQyOWEucG5n/auto/auto/85/notrim/e428af5af0300744c43286b6c09b6227.webp,https://csgoskins.gg/items/nova-bloomstick,$11.34,$92.82
XM1014,Blue Spruce,https://cdn.csgoskins.gg/public/uih/items/aHR0cHM6Ly9jZG4uY3Nnb3NraW5zLmdnL3B1YmxpYy9pbWFnZXMvYnVja2V0cy9lY29uL2RlZmF1bHRfZ2VuZXJhdGVkL3dlYXBvbl94bTEwMTRfc29fbW9zc19saWdodC44YWI0MDEwNTMwODA1NzNjNzA4MTIwNmZkZThmZDVlMjQyOWVlMjc2LnBuZw--/auto/auto/85/notrim/1596191f1065fe8311e2930dcc54e330.webp,https://csgoskins.gg/items/xm1014-blue-spruce,$0.01,$0.46
XM1014,Blue Steel,https://cdn.csgoskins.gg/public/uih/items/aHR0cHM6Ly9jZG4uY3Nnb3NraW5zLmdnL3B1YmxpYy9pbWFnZXMvYnVja2V0cy9lY29uL2RlZmF1bHRfZ2VuZXJhdGVkL3dlYXBvbl94bTEwMTRfYXFfYmx1ZWRfbGlnaHQuYWM1ZjY1MDY2YTE4NDMwMmQxODE0YTdkY2MwZGIxYmQ1NmZmMjZlOS5wbmc-/auto/auto/85/notrim/f0022b1eb21e5bfe563cb19db5e26a98.webp,https://csgoskins.gg/items/xm1014-blue-steel,$0.03,$0.59
XM1014,Blue Tire,https://cdn.csgoskins.gg/public/uih/items/aHR0cHM6Ly9jZG4uY3Nnb3NraW5zLmdnL3B1YmxpYy9pbWFnZXMvYnVja2V0cy9lY29uL2RlZmF1bHRfZ2VuZXJhdGVkL3dlYXBvbl94bTEwMTRfc3BfdGlyZV90cmVhZF9ibHVlX2xpZ2h0Ljg2YWIxNmZlOWE4NDk0ZjEwMzM2NzA2OWNjY2M1NTQ4NTE5ZmFkODMucG5n/auto/auto/85/notrim/443d30da5c528bc7e5e346284abf8533.webp,https://csgoskins.gg/items/xm1014-blue-tire,$0.74,$1.15
XM1014,Bone Machine,https://cdn.csgoskins.gg/public/uih/items/aHR0cHM6Ly9jZG4uY3Nnb3NraW5zLmdnL3B1YmxpYy9pbWFnZXMvYnVja2V0cy9lY29uL2RlZmF1bHRfZ2VuZXJhdGVkL3dlYXBvbl94bTEwMTRfYW1fbnVjbGVhcl9za3VsbHMxX3htMTAxNF9saWdodC4zYmUxNjc3OGE4NmEwMzE4YTM1ODYwOGEyYTkzNmQ3MDViNGUwNWY4LnBuZw--/auto/auto/85/notrim/a1d92cf090a8e9556faee88a0544ad2b.webp,https://csgoskins.gg/items/xm1014-bone-machine,$15.10,$21.29
Sawed-Off,Brake Light,https://cdn.csgoskins.gg/public/uih/items/aHR0cHM6Ly9jZG4uY3Nnb3NraW5zLmdnL3B1YmxpYy9pbWFnZXMvYnVja2V0cy9lY29uL2RlZmF1bHRfZ2VuZXJhdGVkL3dlYXBvbl9zYXdlZG9mZl9hYV92ZXJ0aWdvX3JlZF9saWdodC42NGM4NmJmNjA5OTdkM2M0YTZjMDE2NjU1ZTM5YmMyYTA0OGZkMmQwLnBuZw--/auto/auto/85/notrim/385b49f2b221f9f8d7cae45d973c7048.webp,https://csgoskins.gg/items/sawed-off-brake-light,$0.32,$0.40
MAG-7,Bulldozer,https://cdn.csgoskins.gg/public/uih/items/aHR0cHM6Ly9jZG4uY3Nnb3NraW5zLmdnL3B1YmxpYy9pbWFnZXMvYnVja2V0cy9lY29uL2RlZmF1bHRfZ2VuZXJhdGVkL3dlYXBvbl9tYWc3X3NvX3llbGxvd19saWdodC5mZjRmM2RmNGJjNjBhZWVjZjk2ZTRkNTYwMmI2MTkwMzhjZjc4MmQzLnBuZw--/auto/auto/85/notrim/79ec158032fcf2196ac11cf3a54173ab.webp,https://csgoskins.gg/items/mag-7-bulldozer,$12.08,$215.43
Nova,Caged Steel,https://cdn.csgoskins.gg/public/uih/items/aHR0cHM6Ly9jZG4uY3Nnb3NraW5zLmdnL3B1YmxpYy9pbWFnZXMvYnVja2V0cy9lY29uL2RlZmF1bHRfZ2VuZXJhdGVkL3dlYXBvbl9ub3ZhX2FtX292YWxfaGV4X2xpZ2h0LmEzOWU5YmVmOThlNTcyNmIwZTBhZjIzZGFlZjgyMzhiOWJiOGJlN2MucG5n/auto/auto/85/notrim/a468a287ef3b44a3aae1b353e1785a61.webp,https://csgoskins.gg/items/nova-caged-steel,$0.06,$0.13
XM1014,CaliCamo,https://cdn.csgoskins.gg/public/uih/items/aHR0cHM6Ly9jZG4uY3Nnb3NraW5zLmdnL3B1YmxpYy9pbWFnZXMvYnVja2V0cy9lY29uL2RlZmF1bHRfZ2VuZXJhdGVkL3dlYXBvbl94bTEwMTRfaHlfdmFyaWNhbW9fZGVzZXJ0X2xpZ2h0LmJjOWViNDg1OGJhOWJhMTA2MmIyZTc4YjQ3MDBkYTExZGNjZDg4NTAucG5n/auto/auto/85/notrim/3813eb885c031cf58a02d34c2759493a.webp,https://csgoskins.gg/items/xm1014-calicamo,$0.04,$0.23
Nova,Candy Apple,https://cdn.csgoskins.gg/public/uih/items/aHR0cHM6Ly9jZG4uY3Nnb3NraW5zLmdnL3B1YmxpYy9pbWFnZXMvYnVja2V0cy9lY29uL2RlZmF1bHRfZ2VuZXJhdGVkL3dlYXBvbl9ub3ZhX3NvX3JlZF9saWdodC5mZTZhODE1ZDhlNDE0ZTcyZjdhMWRkY2I5OTAwM2JhNGEwZDM0MDI5LnBuZw--/auto/auto/85/notrim/92759b48ad72de04c0f144ba5e2db586.webp,https://csgoskins.gg/items/nova-candy-apple,$0.08,$0.22
XM1014,Canvas Cloud,https://cdn.csgoskins.gg/public/uih/items/aHR0cHM6Ly9jZG4uY3Nnb3NraW5zLmdnL3B1YmxpYy9pbWFnZXMvYnVja2V0cy9lY29uL2RlZmF1bHRfZ2VuZXJhdGVkL3dlYXBvbl94bTEwMTRfaHlfY2xvdWRfY2Ftb19saWdodC4xYWQzYjUwZTU5N2NlMzllNDE1NmZhNDE3NjY3MjlkMDk0ZDVlMGFlLnBuZw--/auto/auto/85/notrim/bd0668cf222af44c8c3f3b81eac0ed39.webp,https://csgoskins.gg/items/xm1014-canvas-cloud,$0.01,$0.02
MAG-7,Carbon Fiber,https://cdn.csgoskins.gg/public/uih/items/aHR0cHM6Ly9jZG4uY3Nnb3NraW5zLmdnL3B1YmxpYy9pbWFnZXMvYnVja2V0cy9lY29uL2RlZmF1bHRfZ2VuZXJhdGVkL3dlYXBvbl9tYWc3X2FtX2NhcmJvbl9maWJlcl9saWdodC4xYzI3MDc0YzBmMzAzODQ1ZjkzODE0YTZiN2VmODIxZDA4YWI5YmU0LnBuZw--/auto/auto/85/notrim/2621d12b12d83b42894341de73fdc046.webp,https://csgoskins.gg/items/mag-7-carbon-fiber,$2.81,$3.07
MAG-7,Chainmail,https://cdn.csgoskins.gg/public/uih/items/aHR0cHM6Ly9jZG4uY3Nnb3NraW5zLmdnL3B1YmxpYy9pbWFnZXMvYnVja2V0cy9lY29uL2RlZmF1bHRfZ2VuZXJhdGVkL3dlYXBvbl9tYWc3X2FtX2NoYWlubWFpbF9saWdodC41ZWJhYjg0M2VhY2Q0MzIyOWJhNTE5Y2ZiZmUwNmJkMmJlYTM0NDI1LnBuZw--/auto/auto/85/notrim/7335c54aca5019d11f28e74403c5323f.webp,https://csgoskins.gg/items/mag-7-chainmail,$17.32,$19.91
XM1014,Charter,https://cdn.csgoskins.gg/public/uih/items/aHR0cHM6Ly9jZG4uY3Nnb3NraW5zLmdnL3B1YmxpYy9pbWFnZXMvYnVja2V0cy9lY29uL2RlZmF1bHRfZ2VuZXJhdGVkL3dlYXBvbl94bTEwMTRfYW1fYXV0aG9yaXR5X2Jyb3duX2xpZ2h0LjBjOWE1MGQwNTQ0MmNiYTYwODNkZjdjY2U5ZGIzMjczZDhkZDhjNTAucG5n/auto/auto/85/notrim/e869bc8d205f6d44821bd9df38d64aee.webp,https://csgoskins.gg/items/xm1014-charter,$0.43,$0.67
MAG-7,Cinquedea,https://cdn.csgoskins.gg/public/uih/items/aHR0cHM6Ly9jZG4uY3Nnb3NraW5zLmdnL3B1YmxpYy9pbWFnZXMvYnVja2V0cy9lY29uL2RlZmF1bHRfZ2VuZXJhdGVkL3dlYXBvbl9tYWc3X2dzX21hZzdfZ2xhc3NfbGlnaHQuMDc5NjZlMjkyNjU3MTYxMTk2OWE5NGJhMmMyYTA1MWM3YjBkZTVkNi5wbmc-/auto/auto/85/notrim/d51bac2a6f749db437e9bda3b24d212b.webp,https://csgoskins.gg/items/mag-7-cinquedea,$395.41,$800.57
Sawed-Off,Clay Ambush,https://cdn.csgoskins.gg/public/uih/items/aHR0cHM6Ly9jZG4uY3Nnb3NraW5zLmdnL3B1YmxpYy9pbWFnZXMvYnVja2V0cy9lY29uL2RlZmF1bHRfZ2VuZXJhdGVkL3dlYXBvbl9zYXdlZG9mZl9oeV90aWdlcnNfdGFuX2xpZ2h0LjEzOTM1NjE3ZjYzNDIxNTI1ZjUzZTdjNjlkNWY5YWVkYTQ5NGVjNWYucG5n/auto/auto/85/notrim/131a2bf0222f2879483c981f8ec827a2.webp,https://csgoskins.gg/items/sawed-off-clay-ambush,$0.48,$7.08
Nova,Clear Polymer,https://cdn.csgoskins.gg/public/uih/items/aHR0cHM6Ly9jZG4uY3Nnb3NraW5zLmdnL3B1YmxpYy9pbWFnZXMvYnVja2V0cy9lY29uL2RlZmF1bHRfZ2VuZXJhdGVkL3dlYXBvbl9ub3ZhX2N1X25vdmFfcG9seW1lcl9saWdodC45ZDU4Y2NhYzI2YmRjMWI3ZDAzYzBkNWU0YTdiZGQ1OGZmZTA3MDc4LnBuZw--/auto/auto/85/notrim/aa5e657939cc8ac61943b5e533472b1d.webp,https://csgoskins.gg/items/nova-clear-polymer,$3.11,$22.86
MAG-7,Cobalt Core,https://cdn.csgoskins.gg/public/uih/items/aHR0cHM6Ly9jZG4uY3Nnb3NraW5zLmdnL3B1YmxpYy9pbWFnZXMvYnVja2V0cy9lY29uL2RlZmF1bHRfZ2VuZXJhdGVkL3dlYXBvbl9tYWc3X2N1X21hZzdfbXlyY2VuZV9saWdodC4zZmU5NGUzYmZjN2M0NzllMGE5OGU3ZWMxZmU4MzJiNTIwMTYxNGI5LnBuZw--/auto/auto/85/notrim/f16d0317ee0c9ae3d3fe891e13e18e0c.webp,https://csgoskins.gg/items/mag-7-cobalt-core,$0.20,$0.89
Sawed-Off,Copper,https://cdn.csgoskins.gg/public/uih/items/aHR0cHM6Ly9jZG4uY3Nnb3NraW5zLmdnL3B1YmxpYy9pbWFnZXMvYnVja2V0cy9lY29uL2RlZmF1bHRfZ2VuZXJhdGVkL3dlYXBvbl9zYXdlZG9mZl9hcV9jb3BwZXJfbGlnaHQuM2ZlODM5NDZkOTNlNGVhNjVkMDZmYzQ4ODc2ZjAwZjcyNTU3YTkwOS5wbmc-/auto/auto/85/notrim/4268d2112c56f737254a09613896b1a1.webp,https://csgoskins.gg/items/sawed-off-copper,$80.27,$149.94
MAG-7,Copper Coated,https://cdn.csgoskins.gg/public/uih/items/aHR0cHM6Ly9jZG4uY3Nnb3NraW5zLmdnL3B1YmxpYy9pbWFnZXMvYnVja2V0cy9lY29uL2RlZmF1bHRfZ2VuZXJhdGVkL3dlYXBvbl9tYWc3X2dzX21hZzdfZ29vbGRfbGlnaHQuMmM5NjQyYTkzODVmYjY5Nzk2YjA4NWFlMDA0MWNhMWEwOWYzMjMzYS5wbmc-/auto/auto/85/notrim/37d038a759f0900069519a639c3831a6.webp,https://csgoskins.gg/items/mag-7-copper-coated,$1.37,$9.72
XM1014,Copperflage,https://cdn.csgoskins.gg/public/uih/items/aHR0cHM6Ly9jZG4uY3Nnb3NraW5zLmdnL3B1YmxpYy9pbWFnZXMvYnVja2V0cy9lY29uL2RlZmF1bHRfZ2VuZXJhdGVkL3dlYXBvbl94bTEwMTRfaHRfY29wcGVyX2VkZ2VzX2xpZ2h0LjI2NWI5N2RhZDBmYzQzNTY3MDA3OTY1NzkzMDhhMTQwZDg0OGUzYjcucG5n/auto/auto/85/notrim/88d57f77fafdf008b1006636a3f4ff1d.webp,https://csgoskins.gg/items/xm1014-copperflage,$0.15,$1.62
MAG-7,Copper Oxide,https://cdn.csgoskins.gg/public/uih/items/aHR0cHM6Ly9jZG4uY3Nnb3NraW5zLmdnL3B1YmxpYy9pbWFnZXMvYnVja2V0cy9lY29uL2RlZmF1bHRfZ2VuZXJhdGVkL3dlYXBvbl9tYWc3X3NvX2dyZXlibHVlX2xpZ2h0LjQzM2JlMDgzNmRmYjIxMDc2YzZiZmU5MTU2ZDExMGNmOGQ0ZDhjMzMucG5n/auto/auto/85/notrim/f5444d819924008e8f65cbdcc237d24f.webp,https://csgoskins.gg/items/mag-7-copper-oxide,$0.01,$0.03
MAG-7,Core Breach,https://cdn.csgoskins.gg/public/uih/items/aHR0cHM6Ly9jZG4uY3Nnb3NraW5zLmdnL3B1YmxpYy9pbWFnZXMvYnVja2V0cy9lY29uL2RlZmF1bHRfZ2VuZXJhdGVkL3dlYXBvbl9tYWc3X2h5X251Y2xlYXJfaG90b3JhbmdlX2xpZ2h0LmNmNWNhZWE0ODY0MDc0YjZhM2Q3MmQ5ZDRmZTE0MzBmNWM5MDVhMjYucG5n/auto/auto/85/notrim/5f2b88baa5d6e63d916e6acb34077b99.webp,https://csgoskins.gg/items/mag-7-core-breach,$0.52,$14.03
MAG-7,Counter Terrace,https://cdn.csgoskins.gg/public/uih/items/aHR0cHM6Ly9jZG4uY3Nnb3NraW5zLmdnL3B1YmxpYy9pbWFnZXMvYnVja2V0cy9lY29uL2RlZmF1bHRfZ2VuZXJhdGVkL3dlYXBvbl9tYWc3X2h5X2dlb21ldHJpY19zdGVwc19ncmVlbl9saWdodC5jN2EwZmI1YTJkN2YwN2I0OTBkMDc1NDQ3ZDQ1ODMyYWZkODQ3YzAxLnBuZw--/auto/auto/85/notrim/ca435238ba46e5ede924e79b0e812fa6.webp,https://csgoskins.gg/items/mag-7-counter-terrace,$136.54,$218.81
Sawed-Off,Crimson Batik,https://cdn.csgoskins.gg/public/uih/items/aHR0cHM6Ly9jZG4uY3Nnb3NraW5zLmdnL3B1YmxpYy9pbWFnZXMvYnVja2V0cy9lY29uL2RlZmF1bHRfZ2VuZXJhdGVkL3dlYXBvbl9zYXdlZG9mZl9oeWVfYmF0aWtfZXllc19saWdodC5jMDU0ZGNlMTdiMjgzODFiNjI5MDQ4ZWY3ZDE4ZjNiMTkzOTA1M2Q5LnBuZw--/auto/auto/85/notrim/487e850392d326b788edd063c537cf8c.webp,https://csgoskins.gg/items/sawed-off-crimson-batik,$0.02,$0.22
Nova,Currents,https://cdn.csgoskins.gg/public/uih/items/aHR0cHM6Ly9jZG4uY3Nnb3NraW5zLmdnL3B1YmxpYy9pbWFnZXMvYnVja2V0cy9lY29uL2RlZmF1bHRfZ2VuZXJhdGVkL3dlYXBvbl9ub3ZhX2h5ZV9nZW9iaXJkc19saWdodC5hYTA4ODEzYjUzOWIxMWFmMmEwMGVlOTdlNTYwZDc0OWQ5OWJjNDliLnBuZw--/auto/auto/85/notrim/24ecef33de6fbdb846596e8523ecc206.webp,https://csgoskins.gg/items/nova-currents,$0.01,$0.14
Nova,Dark Sigil,https://cdn.csgoskins.gg/public/uih/items/aHR0cHM6Ly9jZG4uY3Nnb3NraW5zLmdnL3B1YmxpYy9pbWFnZXMvYnVja2V0cy9lY29uL2RlZmF1bHRfZ2VuZXJhdGVkL3dlYXBvbl9ub3ZhX25vdmFfZHJha2thcl9saWdodC5jNTk3YWRlZmIxNjdhZTY1OWI2NWY2MDQ3ZmY1ZWNiNGI4NjkyZTcwLnBuZw--/auto/auto/85/notrim/95dfd9713d7b807f70fb45464b04f66a.webp,https://csgoskins.gg/items/nova-dark-sigil,$0.06,$0.42
Sawed-Off,Devourer,https://cdn.csgoskins.gg/public/uih/items/aHR0cHM6Ly9jZG4uY3Nnb3NraW5zLmdnL3B1YmxpYy9pbWFnZXMvYnVja2V0cy9lY29uL2RlZmF1bHRfZ2VuZXJhdGVkL3dlYXBvbl9zYXdlZG9mZl9jdV9zYXdlZG9mZl9kZXZvdXJlcl9saWdodC5hMjRmZjE1Y2M1MmJiMTNmODM4MzU5ODYxNzFjYThhOTI0MmUyYTMzLnBuZw--/auto/auto/85/notrim/6f33fe76b5d98831f3e0f74712ad3bc7.webp,https://csgoskins.gg/items/sawed-off-devourer,$4.59,$32.00
XM1014,Elegant Vines,https://cdn.csgoskins.gg/public/uih/items/aHR0cHM6Ly9jZG4uY3Nnb3NraW5zLmdnL3B1YmxpYy9pbWFnZXMvYnVja2V0cy9lY29uL2RlZmF1bHRfZ2VuZXJhdGVkL3dlYXBvbl94bTEwMTRfYW1fbW9yb190ZXh0aWxlX2JyaWdodF9saWdodC4xMGQ4NDg3ZmU2NmQxNjM5NWNmZGQ1YjRjZTkyYzYzNTk1OGIyZTA4LnBuZw--/auto/auto/85/notrim/989bc0c018803b48f6faa78a5cdb7b11.webp,https://csgoskins.gg/items/xm1014-elegant-vines,$64.56,$91.16
XM1014,Entombed,https://cdn.csgoskins.gg/public/uih/items/aHR0cHM6Ly9jZG4uY3Nnb3NraW5zLmdnL3B1YmxpYy9pbWFnZXMvYnVja2V0cy9lY29uL2RlZmF1bHRfZ2VuZXJhdGVkL3dlYXBvbl94bTEwMTRfY3VfeG0xMDE0X2FtdWxldF9ibHVlX2xpZ2h0LjBkYjBlMDFhMzFkNWJmZDk2YzNlZWI3YjYyOWE1MjQwOWY0YmFlZWIucG5n/auto/auto/85/notrim/5a68a8aa5b3dbbdf96de2107e30fc637.webp,https://csgoskins.gg/items/xm1014-entombed,$3.67,$8.08
Nova,Exo,https://cdn.csgoskins.gg/public/uih/items/aHR0cHM6Ly9jZG4uY3Nnb3NraW5zLmdnL3B1YmxpYy9pbWFnZXMvYnVja2V0cy9lY29uL2RlZmF1bHRfZ2VuZXJhdGVkL3dlYXBvbl9ub3ZhX2FxX25vdmFfc2NpX2ZpX2xpZ2h0LjU0NzRiNmJmOGJlN2I3ZTlhZjE4NWJhZmI2ZGRjMDM3NTdiODk5YzEucG5n/auto/auto/85/notrim/15124156e473c3c766eedb9e725c88fe.webp,https://csgoskins.gg/items/nova-exo,$0.27,$0.55
XM1014,Fallout Warning,https://cdn.csgoskins.gg/public/uih/items/aHR0cHM6Ly9jZG4uY3Nnb3NraW5zLmdnL3B1YmxpYy9pbWFnZXMvYnVja2V0cy9lY29uL2RlZmF1bHRfZ2VuZXJhdGVkL3dlYXBvbl94bTEwMTRfc3BfbnVrZXN0cmlwZV9tYXJvb25fbGlnaHQuYmMyNzM1YzkxMThlNzVjYTNkZGY5MTM2ODZjNDUyYWFlM2FjMzYxYi5wbmc-/auto/auto/85/notrim/8101a163e47a64e9ac80a592e2d68fbe.webp,https://csgoskins.gg/items/xm1014-fallout-warning,$9.89,$105.77
MAG-7,Firestarter,https://cdn.csgoskins.gg/public/uih/items/aHR0cHM6Ly9jZG4uY3Nnb3NraW5zLmdnL3B1YmxpYy9pbWFnZXMvYnVja2V0cy9lY29uL2RlZmF1bHRfZ2VuZXJhdGVkL3dlYXBvbl9tYWc3X3NwX21hZzdfZmlyZWJpdHRlbl9saWdodC5kZDE3Nzg1MTBkYzA3YjM3ZGNjOTY1MzVlMWYzOGRlMjMxZTkzYWU3LnBuZw--/auto/auto/85/notrim/0209c3ba540519a9bc2a63f48edd39a0.webp,https://csgoskins.gg/items/mag-7-firestarter,$0.47,$6.18
Sawed-Off,First Class,https://cdn.csgoskins.gg/public/uih/items/aHR0cHM6Ly9jZG4uY3Nnb3NraW5zLmdnL3B1YmxpYy9pbWFnZXMvYnVja2V0cy9lY29uL2RlZmF1bHRfZ2VuZXJhdGVkL3dlYXBvbl9zYXdlZG9mZl9jdV9ncmVlbl9sZWF0aGVyX3Nhd2Vkb2ZmX2xpZ2h0LmNkODJlOWU0YjQxNTE5MWVhZTM5YWFmMGNhMzJhMTRhN2Y4YjRiZDIucG5n/auto/auto/85/notrim/cca061e3753ab70ff00bba6e70db46f7.webp,https://csgoskins.gg/items/sawed-off-first-class,$33.71,$70.45
MAG-7,Foresight,https://cdn.csgoskins.gg/public/uih/items/aHR0cHM6Ly9jZG4uY3Nnb3NraW5zLmdnL3B1YmxpYy9pbWFnZXMvYnVja2V0cy9lY29uL2RlZmF1bHRfZ2VuZXJhdGVkL3dlYXBvbl9tYWc3X2N1X21hZzdfcHJlZGljdG9yX2xpZ2h0LmRkYWY4MTA4ZTMyYWFkZGNiYWRhNTU1NTczNjg0NmI1OTkzN2I1MzEucG5n/auto/auto/85/notrim/cb36bdd4a68bd2a3a49e5461480d2113.webp,https://csgoskins.gg/items/mag-7-foresight,$0.07,$0.41
Sawed-Off,Forest DDPAT,https://cdn.csgoskins.gg/public/uih/items/aHR0cHM6Ly9jZG4uY3Nnb3NraW5zLmdnL3B1YmxpYy9pbWFnZXMvYnVja2V0cy9lY29uL2RlZmF1bHRfZ2VuZXJhdGVkL3dlYXBvbl9zYXdlZG9mZl9oeV9kZHBhdF9saWdodC4wMGNiMjU5ZGNhYmU5NTA4MzcyYTUxODAyMDFmZjMxNjdkYzFhMzg3LnBuZw--/auto/auto/85/notrim/38c52dc2fe274f9af7b394ca1f9cbdd9.webp,https://csgoskins.gg/items/sawed-off-forest-ddpat,$0.01,$0.35
Nova,Forest Leaves,https://cdn.csgoskins.gg/public/uih/items/aHR0cHM6Ly9jZG4uY3Nnb3NraW5zLmdnL3B1YmxpYy9pbWFnZXMvYnVja2V0cy9lY29uL2RlZmF1bHRfZ2VuZXJhdGVkL3dlYXBvbl9ub3ZhX3NwX2xlYXZlc19saWdodC5kYTE4NGMxYWEzZWQxY2RjYzI1OTdmYmExMTM4YTM3MDNhZmY3NjdhLnBuZw--/auto/auto/85/notrim/54b4ad236abf8f614acc10f5adfb680e.webp,https://csgoskins.gg/items/nova-forest-leaves,$1.67,$48.00
XM1014,Frost Borre,https://cdn.csgoskins.gg/public/uih/items/aHR0cHM6Ly9jZG4uY3Nnb3NraW5zLmdnL3B1YmxpYy9pbWFnZXMvYnVja2V0cy9lY29uL2RlZmF1bHRfZ2VuZXJhdGVkL3dlYXBvbl94bTEwMTRfYW1fa25vdHNfc2lsdmVyX2xpZ2h0LmZjMmVhZjk4ZWEyYzcyOGI0MTViMDY1NDZkY2E3NzRlNTk5ZjA5YjEucG5n/auto/auto/85/notrim/a82e362a0d713416fb1e91e45bcb2d13.webp,https://csgoskins.gg/items/xm1014-frost-borre,$98.17,$148.56
Sawed-Off,Fubar,https://cdn.csgoskins.gg/public/uih/items/aHR0cHM6Ly9jZG4uY3Nnb3NraW5zLmdnL3B1YmxpYy9pbWFnZXMvYnVja2V0cy9lY29uL2RlZmF1bHRfZ2VuZXJhdGVkL3dlYXBvbl9zYXdlZG9mZl9nc19zYXdlZG9mZl9mdWJhcl9saWdodC4zMmYzNDYwOTY2NjRhZjFiZDUwZDU2ZTFhYzc5Mjc0MDM4ODYxODNlLnBuZw--/auto/auto/85/notrim/5e6edf1c664115bfbca12e31744b5ee4.webp,https://csgoskins.gg/items/sawed-off-fubar,$0.24,$0.85
Sawed-Off,Full Stop,https://cdn.csgoskins.gg/public/uih/items/aHR0cHM6Ly9jZG4uY3Nnb3NraW5zLmdnL3B1YmxpYy9pbWFnZXMvYnVja2V0cy9lY29uL2RlZmF1bHRfZ2VuZXJhdGVkL3dlYXBvbl9zYXdlZG9mZl9oeV92YXJpY2Ftb19yZWRfbGlnaHQuYWFiNDZlNjNjOTMzY2Y1ZTNjODBhYjZjZDE3MjZhMmEzNWVhNzVkOC5wbmc-/auto/auto/85/notrim/dec08d8183e73e20c977abaa497db291.webp,https://csgoskins.gg/items/sawed-off-full-stop,$0.11,$0.60
Nova,Ghost Camo,https://cdn.csgoskins.gg/public/uih/items/aHR0cHM6Ly9jZG4uY3Nnb3NraW5zLmdnL3B1YmxpYy9pbWFnZXMvYnVja2V0cy9lY29uL2RlZmF1bHRfZ2VuZXJhdGVkL3dlYXBvbl9ub3ZhX3NwX2NhbW9fd29vZF9ibHVlX2xpZ2h0LjMyNTlmNWNkNDY1ZTZiNGVhMmM5OWQzMDczNjIzMTNkMzkxNmFmNWEucG5n/auto/auto/85/notrim/e36692e9e653f1dca3db633ce552692a.webp,https://csgoskins.gg/items/nova-ghost-camo,$1.49,$2.25
Nova,Gila,https://cdn.csgoskins.gg/public/uih/items/aHR0cHM6Ly9jZG4uY3Nnb3NraW5zLmdnL3B1YmxpYy9pbWFnZXMvYnVja2V0cy9lY29uL2RlZmF1bHRfZ2VuZXJhdGVkL3dlYXBvbl9ub3ZhX2FtX25vdmFfc2FuZF9saWdodC5jZDAxNzQzYzUwN2M2NDhjMTU1YjQwZmY5NGU4MTdhZTVlMDA1NmMyLnBuZw--/auto/auto/85/notrim/c11f8093b44cfda0389e9e10213a9e98.webp,https://csgoskins.gg/items/nova-gila,$3.90,$5.42
Nova,Graphite,https://cdn.csgoskins.gg/public/uih/items/aHR0cHM6Ly9jZG4uY3Nnb3NraW5zLmdnL3B1YmxpYy9pbWFnZXMvYnVja2V0cy9lY29uL2RlZmF1bHRfZ2VuZXJhdGVkL3dlYXBvbl9ub3ZhX2FtX2NydW1wbGVfbGlnaHQuNDI4NGY2NGI5YWUzYjEzNDUyODg3MzMzMTViZDYzNDBmZGQyNTUxOC5wbmc-/auto/auto/85/notrim/5ce5f5123068360052014957a31bd28e.webp,https://csgoskins.gg/items/nova-graphite,$10.41,$11.67
XM1014,Grassland,https://cdn.csgoskins.gg/public/uih/items/aHR0cHM6Ly9jZG4uY3Nnb3NraW5zLmdnL3B1YmxpYy9pbWFnZXMvYnVja2V0cy9lY29uL2RlZmF1bHRfZ2VuZXJhdGVkL3dlYXBvbl94bTEwMTRfc29fZ3Jhc3NsYW5kX2xpZ2h0LjZhNzFlN2M0OGIyZTY0NDM2MDVlN2NjNDk1NzlhMmI0ZmIyZTkzZWEucG5n/auto/auto/85/notrim/eef695c0cfbea2297dfc0000caa95861.webp,https://csgoskins.gg/items/xm1014-grassland,$2.52,$71.89
Nova,Green Apple,https://cdn.csgoskins.gg/public/uih/items/aHR0cHM6Ly9jZG4uY3Nnb3NraW5zLmdnL3B1YmxpYy9pbWFnZXMvYnVja2V0cy9lY29uL2RlZmF1bHRfZ2VuZXJhdGVkL3dlYXBvbl9ub3ZhX3NvX2dyZWVuX2xpZ2h0LjVhZDcyY2ZiN2Y1M2QwMGJlODk2YWQ5YjliY2QxOTU4N2Q0NmY2OGUucG5n/auto/auto/85/notrim/873c42fe8d304af2a40d0e755d990a63.webp,https://csgoskins.gg/items/nova-green-apple,$12.24,$13.77
XM1014,Gum Wall Camo,https://cdn.csgoskins.gg/public/uih/items/aHR0cHM6Ly9jZG4uY3Nnb3NraW5zLmdnL3B1YmxpYy9pbWFnZXMvYnVja2V0cy9lY29uL2RlZmF1bHRfZ2VuZXJhdGVkL3dlYXBvbl94bTEwMTRfaHllX2RyaXBweV9jYW1vX2xpZ2h0Ljk1ZDA0MmQxODllZjBlMmNiMDEzNzQxZjNiMWNjOGYxNjAwNmJjNzEucG5n/auto/auto/85/notrim/7c4ead4c6b024ea7ab8dec2406a221d8.webp,https://csgoskins.gg/items/xm1014-gum-wall-camo,$0.03,$0.26
XM1014,Halftone Shift,https://cdn.csgoskins.gg/public/uih/items/aHR0cHM6Ly9jZG4uY3Nnb3NraW5zLmdnL3B1YmxpYy9pbWFnZXMvYnVja2V0cy9lY29uL2RlZmF1bHRfZ2VuZXJhdGVkL3dlYXBvbl94bTEwMTRfaHRfc2hhcGVzX3htMTAxNF9saWdodC42MmI2NTZiOTM0NjQ3NjI0YTE2MThiMjRmMTY0NzNkZjNmNjViMzc2LnBuZw--/auto/auto/85/notrim/2779dc4e6a023b71d26b848eff195821.webp,https://csgoskins.gg/items/xm1014-halftone-shift,$1.52,$3.95
MAG-7,Hard Water,https://cdn.csgoskins.gg/public/uih/items/aHR0cHM6Ly9jZG4uY3Nnb3NraW5zLmdnL3B1YmxpYy9pbWFnZXMvYnVja2V0cy9lY29uL2RlZmF1bHRfZ2VuZXJhdGVkL3dlYXBvbl9tYWc3X2FtX21hZzdfY2F1c3RpY19saWdodC4yOThhYzAyZTg0MWFmNzk4MTllNmQzYjcxMGYwN2FlNzAxZWFlNWE4LnBuZw--/auto/auto/85/notrim/4ee5084082f0647102909fbbb632b2c8.webp,https://csgoskins.gg/items/mag-7-hard-water,$3.59,$6.54
MAG-7,Hazard,https://cdn.csgoskins.gg/public/uih/items/aHR0cHM6Ly9jZG4uY3Nnb3NraW5zLmdnL3B1YmxpYy9pbWFnZXMvYnVja2V0cy9lY29uL2RlZmF1bHRfZ2VuZXJhdGVkL3dlYXBvbl9tYWc3X3NwX2hhemFyZF9icmF2b19saWdodC44Mzc2ZTViMTViMjE4NjRjZDVhYjc2MTA0ODVlMmE5OGFhZTk5NTE4LnBuZw--/auto/auto/85/notrim/31f8eabb811226f97f2f3819dacdb59c.webp,https://csgoskins.gg/items/mag-7-hazard,$17.00,$239.99
MAG-7,Heat,https://cdn.csgoskins.gg/public/uih/items/aHR0cHM6Ly9jZG4uY3Nnb3NraW5zLmdnL3B1YmxpYy9pbWFnZXMvYnVja2V0cy9lY29uL2RlZmF1bHRfZ2VuZXJhdGVkL3dlYXBvbl9tYWc3X2N1X21hZzdfcmVkaG90X2xpZ2h0LmUyNmJlNGEzYTlkMDkxOTlhY2E0ODU2ZmU4ZDk4ODY2YmE2OTMzOTkucG5n/auto/auto/85/notrim/74a9dbe94516cba33051328a7265413a.webp,https://csgoskins.gg/items/mag-7-heat,$1.05,$12.07
XM1014,Heaven Guard,https://cdn.csgoskins.gg/public/uih/items/aHR0cHM6Ly9jZG4uY3Nnb3NraW5zLmdnL3B1YmxpYy9pbWFnZXMvYnVja2V0cy9lY29uL2RlZmF1bHRfZ2VuZXJhdGVkL3dlYXBvbl94bTEwMTRfY3VfeG0xMDE0X2hlYXZlbl9ndWFyZF9saWdodC5mYmM4ODRmZWU3NTU0NDI2ZTE0ZWFlNzc5NzA5NTZkMWRkM2ZkNGZhLnBuZw--/auto/auto/85/notrim/3958cd75b6881625c80cba8dd24b1c37.webp,https://csgoskins.gg/items/xm1014-heaven-guard,$6.29,$17.70
MAG-7,Heaven Guard,https://cdn.csgoskins.gg/public/uih/items/aHR0cHM6Ly9jZG4uY3Nnb3NraW5zLmdnL3B1YmxpYy9pbWFnZXMvYnVja2V0cy9lY29uL2RlZmF1bHRfZ2VuZXJhdGVkL3dlYXBvbl9tYWc3X2N1X21hZzdfaGVhdmVuX2xpZ2h0LjBiNzYwNWYyOWFhMmQ1NDFlOTcyOGRhYjQ3Yzk1M2RmY2FiYTk2M2EucG5n/auto/auto/85/notrim/4c3a5d5af647e388213b57b2930d478a.webp,https://csgoskins.gg/items/mag-7-heaven-guard,$0.42,$0.76
XM1014,Hieroglyph,https://cdn.csgoskins.gg/public/uih/items/aHR0cHM6Ly9jZG4uY3Nnb3NraW5zLmdnL3B1YmxpYy9pbWFnZXMvYnVja2V0cy9lY29uL2RlZmF1bHRfZ2VuZXJhdGVkL3dlYXBvbl94bTEwMTRfY3VfeG0xMDE0X3BoYXJhb2hfbGlnaHQuYzE4YjdkMTVmMGVhZmI0ZjMwOTgxZmYwYjIzNDMyZjNmMDE5OGQ0Mi5wbmc-/auto/auto/85/notrim/d0c1cd474d47691462a43b79ae36bfbd.webp,https://csgoskins.gg/items/xm1014-hieroglyph,$0.02,$0.44
Sawed-Off,Highwayman,https://cdn.csgoskins.gg/public/uih/items/aHR0cHM6Ly9jZG4uY3Nnb3NraW5zLmdnL3B1YmxpYy9pbWFnZXMvYnVja2V0cy9lY29uL2RlZmF1bHRfZ2VuZXJhdGVkL3dlYXBvbl9zYXdlZG9mZl9hcV9zYXdlZG9mZl9ibGFja2dvbGRfbGlnaHQuYzFiZWJkMzhjNjU1OGFmZWZkYjAyMmQ2MGE4N2EwZmM4Njk3ZTQ2NC5wbmc-/auto/auto/85/notrim/b9e6d8bb2b13b6e152c3927645150648.webp,https://csgoskins.gg/items/sawed-off-highwayman,$1.15,$6.61
Nova,Hyper Beast,https://cdn.csgoskins.gg/public/uih/items/aHR0cHM6Ly9jZG4uY3Nnb3NraW5zLmdnL3B1YmxpYy9pbWFnZXMvYnVja2V0cy9lY29uL2RlZmF1bHRfZ2VuZXJhdGVkL3dlYXBvbl9ub3ZhX2N1X25vdmFfaHlwZXJiZWFzdF9saWdodC4yMDQ0Y2M0ZWNjZTE4NTEyZWEwZTlhYWQ1ODY4MDY4MTMyNGM0M2Y4LnBuZw--/auto/auto/85/notrim/aa67299b0e6c7f3601a2c19ffa7f466f.webp,https://csgoskins.gg/items/nova-hyper-beast,$13.63,$40.19
XM1014,Incinegator,https://cdn.csgoskins.gg/public/uih/items/aHR0cHM6Ly9jZG4uY3Nnb3NraW5zLmdnL3B1YmxpYy9pbWFnZXMvYnVja2V0cy9lY29uL2RlZmF1bHRfZ2VuZXJhdGVkL3dlYXBvbl94bTEwMTRfY3VfeG0xMDE0X2luY2luZXJhdG9yX2xpZ2h0LjAwYjFhMmU3NDE2Zjg5MmQ2ZTQ5ODFkZWZhOTk0OTQyYmFiY2Q3ZDcucG5n/auto/auto/85/notrim/32bdfc9b359c12228f48c9ae2ece21be.webp,https://csgoskins.gg/items/xm1014-incinegator,$5.13,$57.51
MAG-7,Insomnia,https://cdn.csgoskins.gg/public/uih/items/aHR0cHM6Ly9jZG4uY3Nnb3NraW5zLmdnL3B1YmxpYy9pbWFnZXMvYnVja2V0cy9lY29uL2RlZmF1bHRfZ2VuZXJhdGVkL3dlYXBvbl9tYWc3X2N1X21hZzdfaW5zb21uaWFfbGlnaHQuYmY0ODYzMDkxMzNlNjcyYzcxM2E5MjQ1NjViMDliZGQzYTkwMDBmOC5wbmc-/auto/auto/85/notrim/9eff3c2ada87c81a7a41912443a3b01c.webp,https://csgoskins.gg/items/mag-7-insomnia,$0.06,$0.85
Nova,Interlock,https://cdn.csgoskins.gg/public/uih/items/aHR0cHM6Ly9jZG4uY3Nnb3NraW5zLmdnL3B1YmxpYy9pbWFnZXMvYnVja2V0cy9lY29uL2RlZmF1bHRfZ2VuZXJhdGVkL3dlYXBvbl9ub3ZhX2h5X3ZlcnRpZ29pbGx1c2lvbl95ZWxsb3dfbGlnaHQuODZkMDI4MDk4NDUwZmM5NGQ2MzY2ZGI3MjYzN2MxYzJhMTk2NGZiYy5wbmc-/auto/auto/85/notrim/bc1e2b0d0b3df629003b23802684f2b8.webp,https://csgoskins.gg/items/nova-interlock,$11.72,$18.88
XM1014,Irezumi,https://cdn.csgoskins.gg/public/uih/items/aHR0cHM6Ly9jZG4uY3Nnb3NraW5zLmdnL3B1YmxpYy9pbWFnZXMvYnVja2V0cy9lY29uL2RlZmF1bHRfZ2VuZXJhdGVkL3dlYXBvbl94bTEwMTRfeG0xMDE0X2lyZXp1bWlfbGlnaHQuOTI4OTJkYjViYjUxMjFlNGIwMzY1MWE3MTQ3ZmU2MzFjZDdkZGY1Yy5wbmc-/auto/auto/85/notrim/cabc103d8748919d9eb46ba553edb804.webp,https://csgoskins.gg/items/xm1014-irezumi,$0.07,$0.43
Sawed-Off,Irradiated Alert,https://cdn.csgoskins.gg/public/uih/items/aHR0cHM6Ly9jZG4uY3Nnb3NraW5zLmdnL3B1YmxpYy9pbWFnZXMvYnVja2V0cy9lY29uL2RlZmF1bHRfZ2VuZXJhdGVkL3dlYXBvbl9zYXdlZG9mZl9zcF9udWtlc3RyaXBlX2Jyb3duX2xpZ2h0Ljg3YjQ5MzZiMzQ1NzYzNTJhNTNlNDBhYmVjZmM1Y2RmZTQ4YTI0ZWUucG5n/auto/auto/85/notrim/5ec3975d76088c8159aa3b9cb65b9969.webp,https://csgoskins.gg/items/sawed-off-irradiated-alert,$2.48,$23.95
MAG-7,Irradiated Alert,https://cdn.csgoskins.gg/public/uih/items/aHR0cHM6Ly9jZG4uY3Nnb3NraW5zLmdnL3B1YmxpYy9pbWFnZXMvYnVja2V0cy9lY29uL2RlZmF1bHRfZ2VuZXJhdGVkL3dlYXBvbl9tYWc3X3NwX251a2VzdHJpcGVfYnJvd25fbGlnaHQuNmQyNDhiNTUzYjU4OTcxNjFlMmUyNjZjYjk3MWUwOGIxOGVhNTQ5Ni5wbmc-/auto/auto/85/notrim/2d1652f5e444a6b5502628e900dff19d.webp,https://csgoskins.gg/items/mag-7-irradiated-alert,$2.86,$36.29
XM1014,Jungle,https://cdn.csgoskins.gg/public/uih/items/aHR0cHM6Ly9jZG4uY3Nnb3NraW5zLmdnL3B1YmxpYy9pbWFnZXMvYnVja2V0cy9lY29uL2RlZmF1bHRfZ2VuZXJhdGVkL3dlYXBvbl94bTEwMTRfc29fanVuZ2xlX2JyYXZvX2xpZ2h0Ljk2YzAzNTc4MzY4YWJkNzEyNWZjNDIyZDlkNDU4ZjA2OTA3YzFkMGUucG5n/auto/auto/85/notrim/3e77474992dffd22e368c48f9723ca1d.webp,https://csgoskins.gg/items/xm1014-jungle,$2.63,$60.69
Sawed-Off,Jungle Thicket,https://cdn.csgoskins.gg/public/uih/items/aHR0cHM6Ly9jZG4uY3Nnb3NraW5zLmdnL3B1YmxpYy9pbWFnZXMvYnVja2V0cy9lY29uL2RlZmF1bHRfZ2VuZXJhdGVkL3dlYXBvbl9zYXdlZG9mZl9zcF9wYWxtX2dyZWVuX2xpZ2h0LjNjNDM2OGVkNGQxMWU4YjA1YWY3NDY5NjMzMmJjMDI5YTA2NWQxMjcucG5n/auto/auto/85/notrim/38f97a978cabda82315d15c6ebdbbd7f.webp,https://csgoskins.gg/items/sawed-off-jungle-thicket,$3.70,$5.36
MAG-7,Justice,https://cdn.csgoskins.gg/public/uih/items/aHR0cHM6Ly9jZG4uY3Nnb3NraW5zLmdnL3B1YmxpYy9pbWFnZXMvYnVja2V0cy9lY29uL2RlZmF1bHRfZ2VuZXJhdGVkL3dlYXBvbl9tYWc3X2dzX21hZzdfanVzdGljZV9saWdodC5iNDU0ZGQyNDFhYTRmMGI4MDA0YWJmNTE3YTgxNjZhZTA4YmQ5NDUzLnBuZw--/auto/auto/85/notrim/2a15d6082ab7eeac68d42518f99dec25.webp,https://csgoskins.gg/items/mag-7-justice,$4.75,$32.40
Sawed-Off,Kissâ™¥Love,https://cdn.csgoskins.gg/public/uih/items/aHR0cHM6Ly9jZG4uY3Nnb3NraW5zLmdnL3B1YmxpYy9pbWFnZXMvYnVja2V0cy9lY29uL2RlZmF1bHRfZ2VuZXJhdGVkL3dlYXBvbl9zYXdlZG9mZl9jdV9zYXdlZG9mZl9raXNzbG92ZV9saWdodC40ZjEwMjQ1MjFiMmZmZDlmZmI4ZGM5ZGU0ZDkwZTU2M2E3ODcwZDIwLnBuZw--/auto/auto/85/notrim/0b8699dfc51ca1d96ee519204902c2a3.webp,https://csgoskins.gg/items/sawed-off-kisslove,$3.39,$22.45
Nova,Koi,https://cdn.csgoskins.gg/public/uih/items/aHR0cHM6Ly9jZG4uY3Nnb3NraW5zLmdnL3B1YmxpYy9pbWFnZXMvYnVja2V0cy9lY29uL2RlZmF1bHRfZ2VuZXJhdGVkL3dlYXBvbl9ub3ZhX2N1X25vdmFfa29pX2xpZ2h0LjQ5YmExYTc3NGMyNWYyMDUyY2RjNzJlMjY0MjBlZjJjNGNlMjE0MDYucG5n/auto/auto/85/notrim/4f5bdba1d6a87dad52af0e96840b19f8.webp,https://csgoskins.gg/items/nova-koi,$1.99,$2.75
Sawed-Off,Limelight,https://cdn.csgoskins.gg/public/uih/items/aHR0cHM6Ly9jZG4uY3Nnb3NraW5zLmdnL3B1YmxpYy9pbWFnZXMvYnVja2V0cy9lY29uL2RlZmF1bHRfZ2VuZXJhdGVkL3dlYXBvbl9zYXdlZG9mZl9jdV9zYXdlZF9vZmZfbGltZV9saWdodC45MTU2NmY0MzUzOTMwMjc2MThkYWYxNjg1Yzg2NTQ2ZjVjNjU3N2UxLnBuZw--/auto/auto/85/notrim/22412136a46bac1cdc3585e22a1dac72.webp,https://csgoskins.gg/items/sawed-off-limelight,$1.10,$9.21
MAG-7,MAGnitude,https://cdn.csgoskins.gg/public/uih/items/aHR0cHM6Ly9jZG4uY3Nnb3NraW5zLmdnL3B1YmxpYy9pbWFnZXMvYnVja2V0cy9lY29uL2RlZmF1bHRfZ2VuZXJhdGVkL3dlYXBvbl9tYWc3X21hZzdfY2lyY2xlX2NvcHBlcl9saWdodC41MTY2NWFkMTI2NzBiZWRlNjNjOTc5ODc2NjM2M2RhYzZmYjQ1ODY4LnBuZw--/auto/auto/85/notrim/210eba812bf293cc75bbe17b8a9ae554.webp,https://csgoskins.gg/items/mag-7-magnitude,$0.07,$1.04
Nova,Mandrel,https://cdn.csgoskins.gg/public/uih/items/aHR0cHM6Ly9jZG4uY3Nnb3NraW5zLmdnL3B1YmxpYy9pbWFnZXMvYnVja2V0cy9lY29uL2RlZmF1bHRfZ2VuZXJhdGVkL3dlYXBvbl9ub3ZhX2h5X2R1Y3RzX2dyZXlfbGlnaHQuODE5MDIyYmUyMmMzYjU1YzY5ODQ3ZWEwNjhjMTM1ZTAwZDIzYjI5ZC5wbmc-/auto/auto/85/notrim/f207c4254e861318327e24f22336528e.webp,https://csgoskins.gg/items/nova-mandrel,$0.01,$0.02
Nova,Marsh Grass,https://cdn.csgoskins.gg/public/uih/items/aHR0cHM6Ly9jZG4uY3Nnb3NraW5zLmdnL3B1YmxpYy9pbWFnZXMvYnVja2V0cy9lY29uL2RlZmF1bHRfZ2VuZXJhdGVkL3dlYXBvbl9ub3ZhX3Nvb19ncmFzc19waG90b19jYW1vX2xpZ2h0LmIxZGMxYjFkN2FiYTBkNDhhODI5OWQ5NDZlZDA1NTUxZjE0NDVlMDIucG5n/auto/auto/85/notrim/3139bffcf801f16ee7f908c96cdce3ee.webp,https://csgoskins.gg/items/nova-marsh-grass,$0.01,$0.02
MAG-7,Memento,https://cdn.csgoskins.gg/public/uih/items/aHR0cHM6Ly9jZG4uY3Nnb3NraW5zLmdnL3B1YmxpYy9pbWFnZXMvYnVja2V0cy9lY29uL2RlZmF1bHRfZ2VuZXJhdGVkL3dlYXBvbl9tYWc3X2h5X2ljb3NhaGVkcm9uX2xpZ2h0LjU3MTY0OGZjNzg1OTExMTc3YmE5YmIyNWY3Njg1ZDBkYzM1YzA4OWIucG5n/auto/auto/85/notrim/6ec5f169afb68743220c6520b14f1675.webp,https://csgoskins.gg/items/mag-7-memento,$3.33,$4.83
MAG-7,Metallic DDPAT,https://cdn.csgoskins.gg/public/uih/items/aHR0cHM6Ly9jZG4uY3Nnb3NraW5zLmdnL3B1YmxpYy9pbWFnZXMvYnVja2V0cy9lY29uL2RlZmF1bHRfZ2VuZXJhdGVkL3dlYXBvbl9tYWc3X2FtX3VyYmFuX2xpZ2h0Ljk3OTlkM2M5YzYxNjRjODMwMjQzYjk3YzU1ZjE4MDcyODI4NmExZjIucG5n/auto/auto/85/notrim/ec881019d6565376ce5145c35f5bd2f9.webp,https://csgoskins.gg/items/mag-7-metallic-ddpat,$0.10,$0.13
XM1014,Mockingbird,https://cdn.csgoskins.gg/public/uih/items/aHR0cHM6Ly9jZG4uY3Nnb3NraW5zLmdnL3B1YmxpYy9pbWFnZXMvYnVja2V0cy9lY29uL2RlZmF1bHRfZ2VuZXJhdGVkL3dlYXBvbl94bTEwMTRfeG0xMDE0X21vY2tpbmdiaXJkX2xpZ2h0LmI3N2RkMzc1NTY2YmM0ODk2MTcyMzYxZTE0ZGVjYjRkNzU1ODU0MDYucG5n/auto/auto/85/notrim/21b8bfe021b8a83b592f2ca5774ca085.webp,https://csgoskins.gg/items/xm1014-mockingbird,$0.07,$0.99
Nova,Modern Hunter,https://cdn.csgoskins.gg/public/uih/items/aHR0cHM6Ly9jZG4uY3Nnb3NraW5zLmdnL3B1YmxpYy9pbWFnZXMvYnVja2V0cy9lY29uL2RlZmF1bHRfZ2VuZXJhdGVkL3dlYXBvbl9ub3ZhX2h5X2h1bnRlcl9tb2Rlcm5fbGlnaHQuMjg5YjhhZjEzMjkwZTMyNjEyNmJhMDNjNWY0OWU1OWYwMjUxYjgxZC5wbmc-/auto/auto/85/notrim/12fe0778a3ad67916392d0d1982b0aef.webp,https://csgoskins.gg/items/nova-modern-hunter,$19.20,$350.00
MAG-7,Monster Call,https://cdn.csgoskins.gg/public/uih/items/aHR0cHM6Ly9jZG4uY3Nnb3NraW5zLmdnL3B1YmxpYy9pbWFnZXMvYnVja2V0cy9lY29uL2RlZmF1bHRfZ2VuZXJhdGVkL3dlYXBvbl9tYWc3X2N1X21hZzdfbW9uc3Rlcl9jYWxsX2xpZ2h0LmFhNDgwMjlhZmZmY2ZjYTJmYWVkY2FjZWVlM2Y5NDc0YmEyOGI2ZDgucG5n/auto/auto/85/notrim/45b2627493c39aad830657c43ac7e022.webp,https://csgoskins.gg/items/mag-7-monster-call,$0.41,$5.57
XM1014,Monster Melt,https://cdn.csgoskins.gg/public/uih/items/aHR0cHM6Ly9jZG4uY3Nnb3NraW5zLmdnL3B1YmxpYy9pbWFnZXMvYnVja2V0cy9lY29uL2RlZmF1bHRfZ2VuZXJhdGVkL3dlYXBvbl94bTEwMTRfY3Vfb3ZlcnBhc3NfbW9uc3RlcnNfeG1fbGlnaHQuMDMxMzk3ZjQ5MDQ2YmM2ZTg5ODRhMmI1MTBhNjcxNWY3NTBjNzRkYi5wbmc-/auto/auto/85/notrim/6a93a18ffdc5672eba97445f149d39f2.webp,https://csgoskins.gg/items/xm1014-monster-melt,$3.14,$19.68
Nova,Moon in Libra,https://cdn.csgoskins.gg/public/uih/items/aHR0cHM6Ly9jZG4uY3Nnb3NraW5zLmdnL3B1YmxpYy9pbWFnZXMvYnVja2V0cy9lY29uL2RlZmF1bHRfZ2VuZXJhdGVkL3dlYXBvbl9ub3ZhX2h5X3pvZGlhYzFfbGlnaHQuMGZiNmNiYTZlZjc3NGZjMDVhYmY0ZTFhZjE1Yjk1MmUzODBjZmY3Mi5wbmc-/auto/auto/85/notrim/005655b1b5bfb2db189d2542f1014ebf.webp,https://csgoskins.gg/items/nova-moon-in-libra,$4.12,$6.26
Sawed-Off,Morris,https://cdn.csgoskins.gg/public/uih/items/aHR0cHM6Ly9jZG4uY3Nnb3NraW5zLmdnL3B1YmxpYy9pbWFnZXMvYnVja2V0cy9lY29uL2RlZmF1bHRfZ2VuZXJhdGVkL3dlYXBvbl9zYXdlZG9mZl9hcV9zYXdlZC1vZmZfZmxvd2VyX2xpZ2h0LjNmNjRlMTFjM2Q5ZTNlZDk1MGVjNzE2ODNkMTNhMGZmZjIzNzUwZWYucG5n/auto/auto/85/notrim/f47df133c48401714a34155fbb4be946.webp,https://csgoskins.gg/items/sawed-off-morris,$0.09,$0.78
Sawed-Off,Mosaico,https://cdn.csgoskins.gg/public/uih/items/aHR0cHM6Ly9jZG4uY3Nnb3NraW5zLmdnL3B1YmxpYy9pbWFnZXMvYnVja2V0cy9lY29uL2RlZmF1bHRfZ2VuZXJhdGVkL3dlYXBvbl9zYXdlZG9mZl9oeV9hbGlfdGlsZV9icmF2b19saWdodC45ZmFhYWM0NWE2ZDRhYjFmNTRhYWE1ZjA1MzQ1NzhhMWQ1NmNjY2MwLnBuZw--/auto/auto/85/notrim/3645e5e5b91a598cf838e5bed7e570f0.webp,https://csgoskins.gg/items/sawed-off-mosaico,$3.37,$35.49
MAG-7,Navy Sheen,https://cdn.csgoskins.gg/public/uih/items/aHR0cHM6Ly9jZG4uY3Nnb3NraW5zLmdnL3B1YmxpYy9pbWFnZXMvYnVja2V0cy9lY29uL2RlZmF1bHRfZ2VuZXJhdGVkL3dlYXBvbl9tYWc3X2FtX25hdnlfc2hpbmVfbGlnaHQuZDFhZGM1ZTU4YWM0OWZkMTRmNDhkMTA4MzdjYWVlNjJiODAxMmY5Ny5wbmc-/auto/auto/85/notrim/8c3ac2dc49ca527857a344e59fd1ff01.webp,https://csgoskins.gg/items/mag-7-navy-sheen,$0.30,$0.56
Nova,Ocular,https://cdn.csgoskins.gg/public/uih/items/aHR0cHM6Ly9jZG4uY3Nnb3NraW5zLmdnL3B1YmxpYy9pbWFnZXMvYnVja2V0cy9lY29uL2RlZmF1bHRfZ2VuZXJhdGVkL3dlYXBvbl9ub3ZhX25vdmFfb2N1bGFyX2xpZ2h0Ljk1MjViYThiNjMwYjA4MGJjODdkMjg3Y2M3MWI0Njk3MGIwZjJiMDQucG5n/auto/auto/85/notrim/c8c9deef8a2d0ce9aa50d45d5c6baf7c.webp,https://csgoskins.gg/items/nova-ocular,$0.56,$5.87
Sawed-Off,Orange DDPAT,https://cdn.csgoskins.gg/public/uih/items/aHR0cHM6Ly9jZG4uY3Nnb3NraW5zLmdnL3B1YmxpYy9pbWFnZXMvYnVja2V0cy9lY29uL2RlZmF1bHRfZ2VuZXJhdGVkL3dlYXBvbl9zYXdlZG9mZl9oeV9kZHBhdF9vcmFuZ2VfbGlnaHQuOTI1Yjc5ZjJiYTIyYWYyNDlkZmNhOTc0OGJhZWMyOTBjYTJmZDJlNS5wbmc-/auto/auto/85/notrim/6f953d42336030507e52ec82ccc7a807.webp,https://csgoskins.gg/items/sawed-off-orange-ddpat,$14.00,$75.58
Sawed-Off,Origami,https://cdn.csgoskins.gg/public/uih/items/aHR0cHM6Ly9jZG4uY3Nnb3NraW5zLmdnL3B1YmxpYy9pbWFnZXMvYnVja2V0cy9lY29uL2RlZmF1bHRfZ2VuZXJhdGVkL3dlYXBvbl9zYXdlZG9mZl9jdV9zYXdlZG9mZl9vcmlnYW1pX2xpZ2h0LjFjNjRjYWRiYjcxNzYzNTE0ODhmNmUwMGY3NjAxMDYxZjU1M2E0ZGIucG5n/auto/auto/85/notrim/6896079934e825c5e274485d517262e7.webp,https://csgoskins.gg/items/sawed-off-origami,$0.16,$0.48
XM1014,Oxide Blaze,https://cdn.csgoskins.gg/public/uih/items/aHR0cHM6Ly9jZG4uY3Nnb3NraW5zLmdnL3B1YmxpYy9pbWFnZXMvYnVja2V0cy9lY29uL2RlZmF1bHRfZ2VuZXJhdGVkL3dlYXBvbl94bTEwMTRfY3VfeG0xMDE0X294aWRlX2JsYXplX2xpZ2h0LjExNTI0NjRmNmU3NzQ3MzgzYzk0YjA4NzdhOTAzYWMwZDQ5NDAxNTMucG5n/auto/auto/85/notrim/5c0e528606a804ff409f648b6c285044.webp,https://csgoskins.gg/items/xm1014-oxide-blaze,$0.09,$0.50
Sawed-Off,Parched,https://cdn.csgoskins.gg/public/uih/items/aHR0cHM6Ly9jZG4uY3Nnb3NraW5zLmdnL3B1YmxpYy9pbWFnZXMvYnVja2V0cy9lY29uL2RlZmF1bHRfZ2VuZXJhdGVkL3dlYXBvbl9zYXdlZG9mZl9oeV9kZXNlcnRfYmxvb21fbGlnaHQuNTc2ZjE5MzFmYTFlNGU3NzEyYThkZGIwMjc0NmE2MjY3MWRiYjZhYS5wbmc-/auto/auto/85/notrim/5d45f8d94d11860d864e32ff89ff5f74.webp,https://csgoskins.gg/items/sawed-off-parched,$0.37,$0.54
MAG-7,Petroglyph,https://cdn.csgoskins.gg/public/uih/items/aHR0cHM6Ly9jZG4uY3Nnb3NraW5zLmdnL3B1YmxpYy9pbWFnZXMvYnVja2V0cy9lY29uL2RlZmF1bHRfZ2VuZXJhdGVkL3dlYXBvbl9tYWc3X2N1X21hZzdfdHJpYmFsX2xpZ2h0LmFhNWM0N2Q1NjkyMjI4NzQ0NzYwYzY4YzQyNjA2YTkxM2E3ZmQxYjgucG5n/auto/auto/85/notrim/086c4380092c69022e3cea6ef84fcf3b.webp,https://csgoskins.gg/items/mag-7-petroglyph,$1.00,$3.33
Nova,Plume,https://cdn.csgoskins.gg/public/uih/items/aHR0cHM6Ly9jZG4uY3Nnb3NraW5zLmdnL3B1YmxpYy9pbWFnZXMvYnVja2V0cy9lY29uL2RlZmF1bHRfZ2VuZXJhdGVkL3dlYXBvbl9ub3ZhX2N1X25vdmFfZmVhdGhlcnN3aW5nX2xpZ2h0LmQ1MjA1YzE2MGQ2YTVhODBjMDA3OWQxMTk4YzI1N2YwNDQwNzJkZDgucG5n/auto/auto/85/notrim/e2101850ee2de358702ca13535543399.webp,https://csgoskins.gg/items/nova-plume,$0.60,$3.57
Nova,Polar Mesh,https://cdn.csgoskins.gg/public/uih/items/aHR0cHM6Ly9jZG4uY3Nnb3NraW5zLmdnL3B1YmxpYy9pbWFnZXMvYnVja2V0cy9lY29uL2RlZmF1bHRfZ2VuZXJhdGVkL3dlYXBvbl9ub3ZhX3NwX21lc2hfYXJjdGljX2NvbnRyYXN0X2xpZ2h0LmVkYTBkMmIwYjZlY2JmODVkYTAxN2NmZTUyMWJmZWI4ODI5Y2U5NDIucG5n/auto/auto/85/notrim/736862da1bfdceb7f6ffc4f1dd08dfe6.webp,https://csgoskins.gg/items/nova-polar-mesh,$0.01,$0.57
MAG-7,Popdog,https://cdn.csgoskins.gg/public/uih/items/aHR0cHM6Ly9jZG4uY3Nnb3NraW5zLmdnL3B1YmxpYy9pbWFnZXMvYnVja2V0cy9lY29uL2RlZmF1bHRfZ2VuZXJhdGVkL3dlYXBvbl9tYWc3X2dzX21hZzdfcG9wZG9nX2xpZ2h0LjI0YTdmODBiOGFiNjE4ZjYyOWE2YzY5MWE5MDQ1Njc1OWY4NDZiNzUucG5n/auto/auto/85/notrim/c4bc18009189d2d1856e0cac3c1c2d7e.webp,https://csgoskins.gg/items/mag-7-popdog,$0.21,$0.98
MAG-7,Praetorian,https://cdn.csgoskins.gg/public/uih/items/aHR0cHM6Ly9jZG4uY3Nnb3NraW5zLmdnL3B1YmxpYy9pbWFnZXMvYnVja2V0cy9lY29uL2RlZmF1bHRfZ2VuZXJhdGVkL3dlYXBvbl9tYWc3X2dzX21hZzdfcHJhZXRvcmlhbl9saWdodC4zZTQ2OTY4Njg2NDk2OGZmZTJlMzdiYmYzYjUzOGQxMDRhNzEyYTllLnBuZw--/auto/auto/85/notrim/81182d572e0f23220efc7afd7ba73192.webp,https://csgoskins.gg/items/mag-7-praetorian,$1.92,$10.86
Nova,Predator,https://cdn.csgoskins.gg/public/uih/items/aHR0cHM6Ly9jZG4uY3Nnb3NraW5zLmdnL3B1YmxpYy9pbWFnZXMvYnVja2V0cy9lY29uL2RlZmF1bHRfZ2VuZXJhdGVkL3dlYXBvbl9ub3ZhX3NwX3plYnJhY2FtX2xpZ2h0LmUxODE0NGY1MDJkNmJhYjNlMjM4ZjhlMWY0Yzg3YzBmMzU1YTg1NTEucG5n/auto/auto/85/notrim/ae871f5b71f86fade877eb3362a5441d.webp,https://csgoskins.gg/items/nova-predator,$0.01,$0.18
MAG-7,Prism Terrace,https://cdn.csgoskins.gg/public/uih/items/aHR0cHM6Ly9jZG4uY3Nnb3NraW5zLmdnL3B1YmxpYy9pbWFnZXMvYnVja2V0cy9lY29uL2RlZmF1bHRfZ2VuZXJhdGVkL3dlYXBvbl9tYWc3X2h5X2dlb21ldHJpY19zdGVwc19wZWFybF9saWdodC4zZmUzZjkxODhkYjAyNTY3ZDViMTdhNjU4ZDVhZDQ2OTZkZmQ4ZWYyLnBuZw--/auto/auto/85/notrim/5e2cc29707973a79617bc74796c49638.webp,https://csgoskins.gg/items/mag-7-prism-terrace,$45.99,$64.27
Nova,Quick Sand,https://cdn.csgoskins.gg/public/uih/items/aHR0cHM6Ly9jZG4uY3Nnb3NraW5zLmdnL3B1YmxpYy9pbWFnZXMvYnVja2V0cy9lY29uL2RlZmF1bHRfZ2VuZXJhdGVkL3dlYXBvbl9ub3ZhX2h5X3Rvcm5fY2Ftb19wYWludHNfbGlnaHQuOWVmM2RmZjY5OWIwZTg3N2Q4NDMxZmQ1ZTg2Nzc1MjhmODc3ZmZlYi5wbmc-/auto/auto/85/notrim/7c47d1e8b2b56da060c7edf1a6dc4819.webp,https://csgoskins.gg/items/nova-quick-sand,$13.88,$24.28
XM1014,Quicksilver,https://cdn.csgoskins.gg/public/uih/items/aHR0cHM6Ly9jZG4uY3Nnb3NraW5zLmdnL3B1YmxpYy9pbWFnZXMvYnVja2V0cy9lY29uL2RlZmF1bHRfZ2VuZXJhdGVkL3dlYXBvbl94bTEwMTRfYXFfeG0xMDE0X3NpZ2xhX2xpZ2h0LmZhNDU4OTA3YjIxODIxNDU2MDcwY2ViODc2NDk0ODc2MjJlODI0MWQucG5n/auto/auto/85/notrim/e80f9cf5394ba66d66bf1b9fa5be9876.webp,https://csgoskins.gg/items/xm1014-quicksilver,$0.23,$0.83
Nova,Rain Station,https://cdn.csgoskins.gg/public/uih/items/aHR0cHM6Ly9jZG4uY3Nnb3NraW5zLmdnL3B1YmxpYy9pbWFnZXMvYnVja2V0cy9lY29uL2RlZmF1bHRfZ2VuZXJhdGVkL3dlYXBvbl9ub3ZhX3RyYWluX3NoYXBlc18wMV9saWdodC5lZjkzNTEwNmJmM2MzNTc1NWU1Y2JkYjEwMmM0YTMxNDgyMDMxOGVhLnBuZw--/auto/auto/85/notrim/8d65efbbb969a4f5e05363d332935b75.webp,https://csgoskins.gg/items/nova-rain-station,$0.03,$0.24
Nova,Ranger,https://cdn.csgoskins.gg/public/uih/items/aHR0cHM6Ly9jZG4uY3Nnb3NraW5zLmdnL3B1YmxpYy9pbWFnZXMvYnVja2V0cy9lY29uL2RlZmF1bHRfZ2VuZXJhdGVkL3dlYXBvbl9ub3ZhX2N1X25vdmFfcmFuZ2VyX2xpZ2h0LjY1YjkxYWM2NDc4M2FmZGNiZmYxNTMzYzNlMjM5MjM1YjExMjA5MDQucG5n/auto/auto/85/notrim/0a4504049830833b8198850eb04ca032.webp,https://csgoskins.gg/items/nova-ranger,$0.39,$1.32
XM1014,Red Leather,https://cdn.csgoskins.gg/public/uih/items/aHR0cHM6Ly9jZG4uY3Nnb3NraW5zLmdnL3B1YmxpYy9pbWFnZXMvYnVja2V0cy9lY29uL2RlZmF1bHRfZ2VuZXJhdGVkL3dlYXBvbl94bTEwMTRfY3VfbGVhdGhlcl94bTEwMTRfbGlnaHQuN2FmYWYyZGRmMmQ0ZjRiNWQ4OGMxNWJhMjE4NTY4YzRhYWMyZWY5Mi5wbmc-/auto/auto/85/notrim/6155c1d520095268e1e9e545c2ac03cf.webp,https://csgoskins.gg/items/xm1014-red-leather,$38.49,$67.98
XM1014,Red Python,https://cdn.csgoskins.gg/public/uih/items/aHR0cHM6Ly9jZG4uY3Nnb3NraW5zLmdnL3B1YmxpYy9pbWFnZXMvYnVja2V0cy9lY29uL2RlZmF1bHRfZ2VuZXJhdGVkL3dlYXBvbl94bTEwMTRfaHlfc25ha2Vza2luX3JlZF9saWdodC4zMzgwNjEyMGJjNGFhODI2ZGE5MDZhMWU5M2EyODJjYzBhY2ViNzQxLnBuZw--/auto/auto/85/notrim/223404df48ded87248bc44c2b8835a13.webp,https://csgoskins.gg/items/xm1014-red-python,$1.50,$2.67
Nova,Red Quartz,https://cdn.csgoskins.gg/public/uih/items/aHR0cHM6Ly9jZG4uY3Nnb3NraW5zLmdnL3B1YmxpYy9pbWFnZXMvYnVja2V0cy9lY29uL2RlZmF1bHRfZ2VuZXJhdGVkL3dlYXBvbl9ub3ZhX2FtX2NyeXN0YWxsaXplZF9saWdodC5kZTdiZjkyNDQ3YWViMDhjMmRjNTk0NzRiNTVkYjBjMjViMTRiZDg5LnBuZw--/auto/auto/85/notrim/3c662961cfa4c84ad84d5f877e0ce8f6.webp,https://csgoskins.gg/items/nova-red-quartz,$11.55,$16.21
MAG-7,Resupply,https://cdn.csgoskins.gg/public/uih/items/aHR0cHM6Ly9jZG4uY3Nnb3NraW5zLmdnL3B1YmxpYy9pbWFnZXMvYnVja2V0cy9lY29uL2RlZmF1bHRfZ2VuZXJhdGVkL3dlYXBvbl9tYWc3X21hZzdfYW1tb19ib3hfbGlnaHQuYjRiOGYzNTM1MWNkNWY2MTU0YTFiZjA4NWUwM2Y2OWZhODY4MjAxZC5wbmc-/auto/auto/85/notrim/ba0872c748417b4f388cca9df3ee5bff.webp,https://csgoskins.gg/items/mag-7-resupply,$0.06,$1.04
Nova,Rising Skull,https://cdn.csgoskins.gg/public/uih/items/aHR0cHM6Ly9jZG4uY3Nnb3NraW5zLmdnL3B1YmxpYy9pbWFnZXMvYnVja2V0cy9lY29uL2RlZmF1bHRfZ2VuZXJhdGVkL3dlYXBvbl9ub3ZhX2N1X3NrdWxsX25vdmFfbGlnaHQuODg2ZjJhMmZlMGJjNzJlNzgzY2M4MzU5YmZlMWVlOGVkNDg1MDNkYi5wbmc-/auto/auto/85/notrim/25319e270a9677073ecf1e39cca99a99.webp,https://csgoskins.gg/items/nova-rising-skull,$4.22,$8.99
Nova,Rising Sun,https://cdn.csgoskins.gg/public/uih/items/aHR0cHM6Ly9jZG4uY3Nnb3NraW5zLmdnL3B1YmxpYy9pbWFnZXMvYnVja2V0cy9lY29uL2RlZmF1bHRfZ2VuZXJhdGVkL3dlYXBvbl9ub3ZhX25vdmFfcmlzaW5nX3N1bl9saWdodC5iZWMwM2E4MTZiOWJjOGU2YjEzNjFjYzY2YjViNGUzMzI3YzBlZjk0LnBuZw--/auto/auto/85/notrim/51215aefa478636aa04824035a87190a.webp,https://csgoskins.gg/items/nova-rising-sun,$0.43,$3.94
Sawed-Off,Runoff,https://cdn.csgoskins.gg/public/uih/items/aHR0cHM6Ly9jZG4uY3Nnb3NraW5zLmdnL3B1YmxpYy9pbWFnZXMvYnVja2V0cy9lY29uL2RlZmF1bHRfZ2VuZXJhdGVkL3dlYXBvbl9zYXdlZG9mZl9nc2NoX3JpcHBsZV9saWdodC4yZGI5Njc5MDNlZjVkN2Y2MzA4NDY3OThkY2M2YTBiNmY2ODhlMzNmLnBuZw--/auto/auto/85/notrim/eb3cb58267d60730872c8bc7b17b59cb.webp,https://csgoskins.gg/items/sawed-off-runoff,$0.01,$0.04
XM1014,Run Run Run,https://cdn.csgoskins.gg/public/uih/items/aHR0cHM6Ly9jZG4uY3Nnb3NraW5zLmdnL3B1YmxpYy9pbWFnZXMvYnVja2V0cy9lY29uL2RlZmF1bHRfZ2VuZXJhdGVkL3dlYXBvbl94bTEwMTRfeG0xMDE0X2ZyZWlnaHRfbGlnaHQuMmQ2NjYyMjBkNmZmYWNmNjBhYjg4YzQ5MTE0YjRhMDEwZGQ0MGE1OS5wbmc-/auto/auto/85/notrim/66fabe5fa92558edab4e22c27ff9802a.webp,https://csgoskins.gg/items/xm1014-run-run-run,$0.32,$3.70
Sawed-Off,Rust Coat,https://cdn.csgoskins.gg/public/uih/items/aHR0cHM6Ly9jZG4uY3Nnb3NraW5zLmdnL3B1YmxpYy9pbWFnZXMvYnVja2V0cy9lY29uL2RlZmF1bHRfZ2VuZXJhdGVkL3dlYXBvbl9zYXdlZG9mZl9hcV9zdGVlbF9saWdodC40MmMzOTgxMmNhNzEyZWIxYzA2NmQzZDQzOTllODEyMjU0YmI5YjhiLnBuZw--/auto/auto/85/notrim/59931d81634a574d2b4c54c274c707b5.webp,https://csgoskins.gg/items/sawed-off-rust-coat,$11.35,$17.86
MAG-7,Rust Coat,https://cdn.csgoskins.gg/public/uih/items/aHR0cHM6Ly9jZG4uY3Nnb3NraW5zLmdnL3B1YmxpYy9pbWFnZXMvYnVja2V0cy9lY29uL2RlZmF1bHRfZ2VuZXJhdGVkL3dlYXBvbl9tYWc3X2FxX3N0ZWVsX2luZmVybm9fbGlnaHQuNzUzZDQ2MmExYzFiYjZjMmRkMjJhMTE1ZTIwMjA1NmFjYmZmYzI4Mi5wbmc-/auto/auto/85/notrim/45ff74cce27320eeeea4c43de6cab805.webp,https://csgoskins.gg/items/mag-7-rust-coat,$0.01,$0.10
Nova,Rust Coat,https://cdn.csgoskins.gg/public/uih/items/aHR0cHM6Ly9jZG4uY3Nnb3NraW5zLmdnL3B1YmxpYy9pbWFnZXMvYnVja2V0cy9lY29uL2RlZmF1bHRfZ2VuZXJhdGVkL3dlYXBvbl9ub3ZhX2FxX3N0ZWVsX2xpZ2h0LjVjOGE1ZGNhMThjMGQ2NGQyYTE0ZTNlZWY3YTI0YmY5NGEwMWE5M2IucG5n/auto/auto/85/notrim/552b294e26ec189b4199ab1410c20bf2.webp,https://csgoskins.gg/items/nova-rust-coat,$4.25,$6.10
Sawed-Off,Sage Spray,https://cdn.csgoskins.gg/public/uih/items/aHR0cHM6Ly9jZG4uY3Nnb3NraW5zLmdnL3B1YmxpYy9pbWFnZXMvYnVja2V0cy9lY29uL2RlZmF1bHRfZ2VuZXJhdGVkL3dlYXBvbl9zYXdlZG9mZl9zcF9zcHJheV9kZXNlcnRfc2FnZV9saWdodC4yNDk3YTU5ZDhjNjRhNmFiMjg3Y2UzYjEyN2MzNGNkZDM1NWQxOGE4LnBuZw--/auto/auto/85/notrim/4bfbc200163f6cc7bfee880746e53209.webp,https://csgoskins.gg/items/sawed-off-sage-spray,$0.31,$8.48
MAG-7,Sand Dune,https://cdn.csgoskins.gg/public/uih/items/aHR0cHM6Ly9jZG4uY3Nnb3NraW5zLmdnL3B1YmxpYy9pbWFnZXMvYnVja2V0cy9lY29uL2RlZmF1bHRfZ2VuZXJhdGVkL3dlYXBvbl9tYWc3X3NvX3NhbmRfbGlnaHQuM2U5OGJiMDFlOWZhYzY0MmI4N2RmODgzMmIzYWVlMjVhNjFkNDI0ZC5wbmc-/auto/auto/85/notrim/9cb1bb6ee326111fbc3126289ecffd4c.webp,https://csgoskins.gg/items/mag-7-sand-dune,$1.43,$44.56
Nova,Sand Dune,https://cdn.csgoskins.gg/public/uih/items/aHR0cHM6Ly9jZG4uY3Nnb3NraW5zLmdnL3B1YmxpYy9pbWFnZXMvYnVja2V0cy9lY29uL2RlZmF1bHRfZ2VuZXJhdGVkL3dlYXBvbl9ub3ZhX3NvX3NhbmRfbGlnaHQuZjAwNDAwNGFkYjE2MDVmZWNhOTJiNTBiY2JjNDZmZDA0N2ExYTRkYS5wbmc-/auto/auto/85/notrim/fa40e854b1e59f47f63eb77d2983d558.webp,https://csgoskins.gg/items/nova-sand-dune,$0.01,$0.52
XM1014,Scumbria,https://cdn.csgoskins.gg/public/uih/items/aHR0cHM6Ly9jZG4uY3Nnb3NraW5zLmdnL3B1YmxpYy9pbWFnZXMvYnVja2V0cy9lY29uL2RlZmF1bHRfZ2VuZXJhdGVkL3dlYXBvbl94bTEwMTRfYXFfeG0xMDE0X3NjdW1icmlhX2xpZ2h0LjljYTFlYmM3Y2RhNDY5MDcwODU5NjMwZTNlZjM4MDEwMjg1ODVjYmEucG5n/auto/auto/85/notrim/9b5f151ac5bd8d969dafa0372ee1cc28.webp,https://csgoskins.gg/items/xm1014-scumbria,$0.16,$1.66
MAG-7,Seabird,https://cdn.csgoskins.gg/public/uih/items/aHR0cHM6Ly9jZG4uY3Nnb3NraW5zLmdnL3B1YmxpYy9pbWFnZXMvYnVja2V0cy9lY29uL2RlZmF1bHRfZ2VuZXJhdGVkL3dlYXBvbl9tYWc3X3NvX2FxdWFfbGlnaHQuNTQ5NDY4YjM3ZjdlMTIwZWQyZjlkNWM2YmU3ZTgyNDEwMDI4ZDMyMS5wbmc-/auto/auto/85/notrim/f561b5acbd16c4b68ca006b417c3c8c5.webp,https://csgoskins.gg/items/mag-7-seabird,$2.07,$7.11
XM1014,Seasons,https://cdn.csgoskins.gg/public/uih/items/aHR0cHM6Ly9jZG4uY3Nnb3NraW5zLmdnL3B1YmxpYy9pbWFnZXMvYnVja2V0cy9lY29uL2RlZmF1bHRfZ2VuZXJhdGVkL3dlYXBvbl94bTEwMTRfYXFfeG1fbGVhZl9mYWRlX2xpZ2h0LjQyNzMxNmVhYjc3NGFjNjJmNTM1NWIzNjBkYTJlYmI0OWEyZTFkNjcucG5n/auto/auto/85/notrim/725caf7a85dbb0564eee06d79c6df57f.webp,https://csgoskins.gg/items/xm1014-seasons,$1.41,$3.33
Sawed-Off,Serenity,https://cdn.csgoskins.gg/public/uih/items/aHR0cHM6Ly9jZG4uY3Nnb3NraW5zLmdnL3B1YmxpYy9pbWFnZXMvYnVja2V0cy9lY29uL2RlZmF1bHRfZ2VuZXJhdGVkL3dlYXBvbl9zYXdlZG9mZl9jdV9zYXdlZG9mZl9kZXZhX2xpZ2h0LmViNDMwMGUzMzdhYzY2ODRkZDBjNWI4YjcwYTA5YmI2MzEyYjk5MjEucG5n/auto/auto/85/notrim/4e284525224d81a0ab06d79c3898d3fc.webp,https://csgoskins.gg/items/sawed-off-serenity,$1.80,$6.80
MAG-7,Silver,https://cdn.csgoskins.gg/public/uih/items/aHR0cHM6Ly9jZG4uY3Nnb3NraW5zLmdnL3B1YmxpYy9pbWFnZXMvYnVja2V0cy9lY29uL2RlZmF1bHRfZ2VuZXJhdGVkL3dlYXBvbl9tYWc3X2FuX3NpbHZlcl9saWdodC43ZDQ0ZTU3MTVjYzcyYTA1MDI1YjY2ODZiYjJlMDQwMTMwNTQ4Y2ExLnBuZw--/auto/auto/85/notrim/e4022234b8b3807e7835f1c0b8909195.webp,https://csgoskins.gg/items/mag-7-silver,$15.50,$16.96
XM1014,Slipstream,https://cdn.csgoskins.gg/public/uih/items/aHR0cHM6Ly9jZG4uY3Nnb3NraW5zLmdnL3B1YmxpYy9pbWFnZXMvYnVja2V0cy9lY29uL2RlZmF1bHRfZ2VuZXJhdGVkL3dlYXBvbl94bTEwMTRfaHlfeG0xMDE0X2ZyYWN0YWxfYmx1ZV9saWdodC5kZjdmOTY2M2UyOWU0MGNhNTA5Mjg1YjU1ZDExM2MzZGY4YzJkMTY4LnBuZw--/auto/auto/85/notrim/50e2fec1080dea9b6e510a9ed9fcd032.webp,https://csgoskins.gg/items/xm1014-slipstream,$0.19,$0.60
Sawed-Off,Snake Camo,https://cdn.csgoskins.gg/public/uih/items/aHR0cHM6Ly9jZG4uY3Nnb3NraW5zLmdnL3B1YmxpYy9pbWFnZXMvYnVja2V0cy9lY29uL2RlZmF1bHRfZ2VuZXJhdGVkL3dlYXBvbl9zYXdlZG9mZl9zcF9zbmFrZV9saWdodC5mYjg4MjNhZDA1NTViNWEyNmM4NjM3ZGFlNGNlNTc3MjU5OTI4NzdiLnBuZw--/auto/auto/85/notrim/301f4dddf6c5e3287b3f9db851cc72fa.webp,https://csgoskins.gg/items/sawed-off-snake-camo,$0.01,$0.82
Nova,Sobek's Bite,https://cdn.csgoskins.gg/public/uih/items/aHR0cHM6Ly9jZG4uY3Nnb3NraW5zLmdnL3B1YmxpYy9pbWFnZXMvYnVja2V0cy9lY29uL2RlZmF1bHRfZ2VuZXJhdGVkL3dlYXBvbl9ub3ZhX2dzX25vdmFfc29iZWtfbGlnaHQuMDg1Y2RjYmMyNjJiYTlkZGJhODIzMWRjNjJkNzU4MTkwMjJiMjBhNS5wbmc-/auto/auto/85/notrim/53181bb66a81d4837fa490258bf8276b.webp,https://csgoskins.gg/items/nova-sobeks-bite,$9.60,$39.00
XM1014,Solitude,https://cdn.csgoskins.gg/public/uih/items/aHR0cHM6Ly9jZG4uY3Nnb3NraW5zLmdnL3B1YmxpYy9pbWFnZXMvYnVja2V0cy9lY29uL2RlZmF1bHRfZ2VuZXJhdGVkL3dlYXBvbl94bTEwMTRfc29jaF9tb3VudGFpbnNfbGltaXRlZF90aW1lX2xpZ2h0LjE4NWI2MDdlYzUzNGNhNDFmOTdlMWNmMDM4YjZjMTRhODBiNjk1NWYucG5n/auto/auto/85/notrim/e36535cdf34262c2d341ef23729482db.webp,https://csgoskins.gg/items/xm1014-solitude,$0.58,$21.85
MAG-7,Sonar,https://cdn.csgoskins.gg/public/uih/items/aHR0cHM6Ly9jZG4uY3Nnb3NraW5zLmdnL3B1YmxpYy9pbWFnZXMvYnVja2V0cy9lY29uL2RlZmF1bHRfZ2VuZXJhdGVkL3dlYXBvbl9tYWc3X2FtX21hZzdfbWFsZm9ybV9saWdodC5lMmU0MDY4MTQ5MDUwN2Q3MDAwMTA5ZjkzNjcxMWI5Y2JiYWEwNDJlLnBuZw--/auto/auto/85/notrim/360ec96d5f0da1c87dce2301c79a3553.webp,https://csgoskins.gg/items/mag-7-sonar,$0.48,$0.98
Sawed-Off,Spirit Board,https://cdn.csgoskins.gg/public/uih/items/aHR0cHM6Ly9jZG4uY3Nnb3NraW5zLmdnL3B1YmxpYy9pbWFnZXMvYnVja2V0cy9lY29uL2RlZmF1bHRfZ2VuZXJhdGVkL3dlYXBvbl9zYXdlZG9mZl9jdV9zYXdlZG9mZl9vdWlqYV9saWdodC5iZGY3YmIyNmEzZDY4ZGU1NGNjMzA2ZTdjNmVhNmEwZGI1MmRlZTJkLnBuZw--/auto/auto/85/notrim/b7213de677a86a89454171e501edbf15.webp,https://csgoskins.gg/items/sawed-off-spirit-board,$0.07,$0.86
MAG-7,Storm,https://cdn.csgoskins.gg/public/uih/items/aHR0cHM6Ly9jZG4uY3Nnb3NraW5zLmdnL3B1YmxpYy9pbWFnZXMvYnVja2V0cy9lY29uL2RlZmF1bHRfZ2VuZXJhdGVkL3dlYXBvbl9tYWc3X3NvX3N0b3JtZnJvbnRfbGlnaHQuNTgwZDFhMGEwMTg3MWVlY2MyYzE2ZjgyMmI3ZjhjNGVjYmNkZjQyNi5wbmc-/auto/auto/85/notrim/fdb7745ec351cc837f9c3ec4993445cb.webp,https://csgoskins.gg/items/mag-7-storm,$0.35,$11.27
MAG-7,SWAG-7,https://cdn.csgoskins.gg/public/uih/items/aHR0cHM6Ly9jZG4uY3Nnb3NraW5zLmdnL3B1YmxpYy9pbWFnZXMvYnVja2V0cy9lY29uL2RlZmF1bHRfZ2VuZXJhdGVkL3dlYXBvbl9tYWc3X2FxX21hZzdfc3dhZzdfbGlnaHQuMmQ2YTliMThhMmE3MDM0ZGMyMjZjZDJlMWI4ODFlYzM4MjgxYjk1Yy5wbmc-/auto/auto/85/notrim/8e34e3541b3f30f002f271c58e3b5aa2.webp,https://csgoskins.gg/items/mag-7-swag-7,$0.43,$5.54
XM1014,Teclu Burner,https://cdn.csgoskins.gg/public/uih/items/aHR0cHM6Ly9jZG4uY3Nnb3NraW5zLmdnL3B1YmxpYy9pbWFnZXMvYnVja2V0cy9lY29uL2RlZmF1bHRfZ2VuZXJhdGVkL3dlYXBvbl94bTEwMTRfYXFfeG0xMDE0X2hvdF9yb2RfbGlnaHQuZGU3OGNmNzcyMWViNDNhZGI2ZDdkYWE4ZTgwZDc5YmJlMGU1NzlhNC5wbmc-/auto/auto/85/notrim/a65f1810919d93866f30414cc0dcfc0d.webp,https://csgoskins.gg/items/xm1014-teclu-burner,$1.37,$5.91
Nova,Tempest,https://cdn.csgoskins.gg/public/uih/items/aHR0cHM6Ly9jZG4uY3Nnb3NraW5zLmdnL3B1YmxpYy9pbWFnZXMvYnVja2V0cy9lY29uL2RlZmF1bHRfZ2VuZXJhdGVkL3dlYXBvbl9ub3ZhX2h5X3NlYXNpZGVfYnJhdm9fbGlnaHQuNjI1MWIwMDVlYTQ3NWUyMGNkODMyNmRhMTFiYjM0MTZlMzZlYTQ5YS5wbmc-/auto/auto/85/notrim/f9dc64a6822e0b8579af670629d3ab78.webp,https://csgoskins.gg/items/nova-tempest,$4.42,$14.38
Sawed-Off,The Kraken,https://cdn.csgoskins.gg/public/uih/items/aHR0cHM6Ly9jZG4uY3Nnb3NraW5zLmdnL3B1YmxpYy9pbWFnZXMvYnVja2V0cy9lY29uL2RlZmF1bHRfZ2VuZXJhdGVkL3dlYXBvbl9zYXdlZG9mZl9jdV9zYXdlZG9mZl9vY3RvcHVtcF9saWdodC4zZTUwY2RkZDUwMTAyZjdiMThjYjdlZWRlZWI4ZTdlYzNhYmZjMTEwLnBuZw--/auto/auto/85/notrim/f243e0678fd0640bd0175700c630cd18.webp,https://csgoskins.gg/items/sawed-off-the-kraken,$76.13,$89.97
Nova,Toy Soldier,https://cdn.csgoskins.gg/public/uih/items/aHR0cHM6Ly9jZG4uY3Nnb3NraW5zLmdnL3B1YmxpYy9pbWFnZXMvYnVja2V0cy9lY29uL2RlZmF1bHRfZ2VuZXJhdGVkL3dlYXBvbl9ub3ZhX2N1X25vdmFfdG95X3NvbGRpZXJfbGlnaHQuNTVlNWZmMzU3Nzk4YTk5ZmI0ZTg3Nzk0ZmY3OWY0Zjg3OWFkNjQ1MS5wbmc-/auto/auto/85/notrim/459a5eb840441b82742bef3f1b7f7c5e.webp,https://csgoskins.gg/items/nova-toy-soldier,$0.74,$12.18
XM1014,Tranquility,https://cdn.csgoskins.gg/public/uih/items/aHR0cHM6Ly9jZG4uY3Nnb3NraW5zLmdnL3B1YmxpYy9pbWFnZXMvYnVja2V0cy9lY29uL2RlZmF1bHRfZ2VuZXJhdGVkL3dlYXBvbl94bTEwMTRfY3VfeG0xMDE0X2Nhcml0YXNfbGlnaHQuMWQ2YmEyZjJkYjIyZmE1MzQyYzdjYzQzNjhhNzhkYTA5MWJkZDRiNS5wbmc-/auto/auto/85/notrim/5cac329e934ab1bb6699ba05ba98baf7.webp,https://csgoskins.gg/items/xm1014-tranquility,$8.79,$28.03
Nova,Turquoise Pour,https://cdn.csgoskins.gg/public/uih/items/aHR0cHM6Ly9jZG4uY3Nnb3NraW5zLmdnL3B1YmxpYy9pbWFnZXMvYnVja2V0cy9lY29uL2RlZmF1bHRfZ2VuZXJhdGVkL3dlYXBvbl9ub3ZhX3Nvb19hY3J5bGljX2Zsb3dfdHVycXVvaXNlX2xpZ2h0LjZiYmRiNmY1NjUzNDFjOTMyNTgzY2UwYmFmMTNmYTM2ODljOWUxMTYucG5n/auto/auto/85/notrim/f0f481fb896851ca2a88fb1ec50cdb67.webp,https://csgoskins.gg/items/nova-turquoise-pour,$0.03,$0.27
XM1014,Urban Perforated,https://cdn.csgoskins.gg/public/uih/items/aHR0cHM6Ly9jZG4uY3Nnb3NraW5zLmdnL3B1YmxpYy9pbWFnZXMvYnVja2V0cy9lY29uL2RlZmF1bHRfZ2VuZXJhdGVkL3dlYXBvbl94bTEwMTRfc3BfdGFwZV9kb3RzX3VyYmFuX2xpZ2h0LmJhNDViY2Y5MTU1ZmZiZjMxMjJiZDliZTI5ZTUyMWZkOWNmM2VhNGIucG5n/auto/auto/85/notrim/191bdc18c07d3db604e76c05ba6c0157.webp,https://csgoskins.gg/items/xm1014-urban-perforated,$1.58,$34.00
XM1014,VariCamo Blue,https://cdn.csgoskins.gg/public/uih/items/aHR0cHM6Ly9jZG4uY3Nnb3NraW5zLmdnL3B1YmxpYy9pbWFnZXMvYnVja2V0cy9lY29uL2RlZmF1bHRfZ2VuZXJhdGVkL3dlYXBvbl94bTEwMTRfaHlfdmFyaWNhbW9fYmx1ZV9saWdodC5lNjU3MGRmYWRlOTQwOTgyZjE3NGNkYTc3NmQyYjBhMzUxYWNlMmIzLnBuZw--/auto/auto/85/notrim/ceba16164a35b4a18d12e10566970358.webp,https://csgoskins.gg/items/xm1014-varicamo-blue,$11.44,$21.56
Nova,Walnut,https://cdn.csgoskins.gg/public/uih/items/aHR0cHM6Ly9jZG4uY3Nnb3NraW5zLmdnL3B1YmxpYy9pbWFnZXMvYnVja2V0cy9lY29uL2RlZmF1bHRfZ2VuZXJhdGVkL3dlYXBvbl9ub3ZhX2N1X3dhbG51dF9ub3ZhX2xpZ2h0LmFhZDlhZTllNDY0NzQ5NzdhMGE2MTZkZjEzMGY2MTMwYTU4OTEyMjQucG5n/auto/auto/85/notrim/a44499e648bdc044f1f955cfa5ac0069.webp,https://csgoskins.gg/items/nova-walnut,$1.45,$35.00
Sawed-Off,Wasteland Princess,https://cdn.csgoskins.gg/public/uih/items/aHR0cHM6Ly9jZG4uY3Nnb3NraW5zLmdnL3B1YmxpYy9pbWFnZXMvYnVja2V0cy9lY29uL2RlZmF1bHRfZ2VuZXJhdGVkL3dlYXBvbl9zYXdlZG9mZl9jdV93cF9zYXdlZG9mZl9saWdodC4wYTI2NDRlMTFiMDI5NmU3NDZmMWZhMDVjNDQ0MjZlNGI2OTM3OTE2LnBuZw--/auto/auto/85/notrim/a3b27f5d06f312bb9bbc9837aa007318.webp,https://csgoskins.gg/items/sawed-off-wasteland-princess,$35.45,$59.42
XM1014,Watchdog,https://cdn.csgoskins.gg/public/uih/items/aHR0cHM6Ly9jZG4uY3Nnb3NraW5zLmdnL3B1YmxpYy9pbWFnZXMvYnVja2V0cy9lY29uL2RlZmF1bHRfZ2VuZXJhdGVkL3dlYXBvbl94bTEwMTRfZ3NfeG0xMDE0X3dhdGNoZG9nX2xpZ2h0LmQyMzcyMjhjZjZjODM4ZWNhZWUwNjQyMjc5YjY0YzhlMmJjZmY2MzcucG5n/auto/auto/85/notrim/a47379a1ec896fc267191d652ecf8a45.webp,https://csgoskins.gg/items/xm1014-watchdog,$0.80,$6.12
Nova,Wild Six,https://cdn.csgoskins.gg/public/uih/items/aHR0cHM6Ly9jZG4uY3Nnb3NraW5zLmdnL3B1YmxpYy9pbWFnZXMvYnVja2V0cy9lY29uL2RlZmF1bHRfZ2VuZXJhdGVkL3dlYXBvbl9ub3ZhX2dzX25vdmFfYW5jaG9yaXRlX2xpZ2h0LjNlODBiZjMxM2EyZjJlZjYzNWUxZGI1NTNiZmZhYzUzNmU5MzE4NGMucG5n/auto/auto/85/notrim/32d9fba9ad2e731e69b8195c174d4794.webp,https://csgoskins.gg/items/nova-wild-six,$0.41,$2.96
MAG-7,Wildwood,https://cdn.csgoskins.gg/public/uih/items/aHR0cHM6Ly9jZG4uY3Nnb3NraW5zLmdnL3B1YmxpYy9pbWFnZXMvYnVja2V0cy9lY29uL2RlZmF1bHRfZ2VuZXJhdGVkL3dlYXBvbl9tYWc3X3NvY2hfd2lsZHdvb2RfbWFnN19saWdodC41NzY4ODVmOTE2NTk4Y2VhOGUwNTFjNDAyZjE0Mjk3ZDYzZWE2NDI4LnBuZw--/auto/auto/85/notrim/9e5560b658d0bd54c3010b76561ea5fc.webp,https://csgoskins.gg/items/mag-7-wildwood,$0.04,$0.20
Nova,Windblown,https://cdn.csgoskins.gg/public/uih/items/aHR0cHM6Ly9jZG4uY3Nnb3NraW5zLmdnL3B1YmxpYy9pbWFnZXMvYnVja2V0cy9lY29uL2RlZmF1bHRfZ2VuZXJhdGVkL3dlYXBvbl9ub3ZhX3NwX25vdmFfd2luZF9kaXNwZXJzYWxfbGlnaHQuZGU1ZjFkYWZhNDFiZjQxM2M1Y2JlYWY5YWY4NDc5MWYyOTUyMTUzYy5wbmc-/auto/auto/85/notrim/699491ab7b644da4d773d8edb48c29b6.webp,https://csgoskins.gg/items/nova-windblown,$0.20,$0.47
Nova,Wood Fired,https://cdn.csgoskins.gg/public/uih/items/aHR0cHM6Ly9jZG4uY3Nnb3NraW5zLmdnL3B1YmxpYy9pbWFnZXMvYnVja2V0cy9lY29uL2RlZmF1bHRfZ2VuZXJhdGVkL3dlYXBvbl9ub3ZhX2dzX25vdmFfaHVudGVyX2JydXRlX2xpZ2h0LjcwN2MyMDYyNzMyZWZiNDEzYTg4NTE0MmJmZDZhOGIwNzZiZTNhNmIucG5n/auto/auto/85/notrim/6aa45f32ed1716d827792b0c9ebe7c46.webp,https://csgoskins.gg/items/nova-wood-fired,$0.16,$0.60
Nova,Wurst HÃ¶lle,https://cdn.csgoskins.gg/public/uih/items/aHR0cHM6Ly9jZG4uY3Nnb3NraW5zLmdnL3B1YmxpYy9pbWFnZXMvYnVja2V0cy9lY29uL2RlZmF1bHRfZ2VuZXJhdGVkL3dlYXBvbl9ub3ZhX2N1X292ZXJwYXNzX3d1cnN0X25vdmFfbGlnaHQuYWM3OGFjZmVkODBiNDhjZjJiY2I0Y2RjNzJiZDc5ZTYwZTgzN2JkYi5wbmc-/auto/auto/85/notrim/0b440e3aac965829b40e59f43ced76d8.webp,https://csgoskins.gg/items/nova-wurst-holle,$0.28,$3.27
XM1014,XoooM,https://cdn.csgoskins.gg/public/uih/items/aHR0cHM6Ly9jZG4uY3Nnb3NraW5zLmdnL3B1YmxpYy9pbWFnZXMvYnVja2V0cy9lY29uL2RlZmF1bHRfZ2VuZXJhdGVkL3dlYXBvbl94bTEwMTRfc29lX3llbGxvd194bV9saWdodC4zM2QzMjM1MDRkZjliZDMwY2E1YTk1OTA5ZDY3ZjkxMTMxNmU5YTU3LnBuZw--/auto/auto/85/notrim/6327fe123a00a07634439d80b76e0b47.webp,https://csgoskins.gg/items/xm1014-xooom,$0.08,$1.46
XM1014,XOXO,https://cdn.csgoskins.gg/public/uih/items/aHR0cHM6Ly9jZG4uY3Nnb3NraW5zLmdnL3B1YmxpYy9pbWFnZXMvYnVja2V0cy9lY29uL2RlZmF1bHRfZ2VuZXJhdGVkL3dlYXBvbl94bTEwMTRfYXFfeG0xMDE0X3B1bmtfbGlnaHQuMTUwYjdjZWE2MzFiOGYzOTYwZjBiZDU4ZmZjMmY4YTMyMjhkMTYxNi5wbmc-/auto/auto/85/notrim/9cf597f04ab7ac6d14e54a4ff19a5de6.webp,https://csgoskins.gg/items/xm1014-xoxo,$3.23,$22.30
Sawed-Off,Yorick,https://cdn.csgoskins.gg/public/uih/items/aHR0cHM6Ly9jZG4uY3Nnb3NraW5zLmdnL3B1YmxpYy9pbWFnZXMvYnVja2V0cy9lY29uL2RlZmF1bHRfZ2VuZXJhdGVkL3dlYXBvbl9zYXdlZG9mZl9nc19zYXdlZG9mZl9uZWNyb21hbmNlcl9saWdodC40ODYxNDkwNzg2OGU5NzU2MjNlMDA5Y2VmN2M3NmQ4ZDJlODlhMmIwLnBuZw--/auto/auto/85/notrim/c0a1296a64a3c4ef11e7944589068a4f.webp,https://csgoskins.gg/items/sawed-off-yorick,$0.14,$1.30
Nova,Yorkshire,https://cdn.csgoskins.gg/public/uih/items/aHR0cHM6Ly9jZG4uY3Nnb3NraW5zLmdnL3B1YmxpYy9pbWFnZXMvYnVja2V0cy9lY29uL2RlZmF1bHRfZ2VuZXJhdGVkL3dlYXBvbl9ub3ZhX2dzX3JpcHBsZV9ub3ZhX2xpZ2h0LmZlZmY2NGNjYjE5NjVlMDMyODZkZTZhNGMxZDgzMGRlN2MxNmM3NDEucG5n/auto/auto/85/notrim/1826bc594559c7b53f23f534431bf7d0.webp,https://csgoskins.gg/items/nova-yorkshire,$0.47,$2.23
Sawed-Off,Zander,https://cdn.csgoskins.gg/public/uih/items/aHR0cHM6Ly9jZG4uY3Nnb3NraW5zLmdnL3B1YmxpYy9pbWFnZXMvYnVja2V0cy9lY29uL2RlZmF1bHRfZ2VuZXJhdGVkL3dlYXBvbl9zYXdlZG9mZl9hcV9zYXdlZG9mZl96YW5kZXIyX2xpZ2h0LmQ2YjlkYTBlNTA0ZmMyNGZiNGZiNjEyMzQ5ZjU3ODI3YTNkMTgzZTcucG5n/auto/auto/85/notrim/ad1e3e5c1605556cf200559ba2c80f74.webp,https://csgoskins.gg/items/sawed-off-zander,$0.22,$1.85
XM1014,Ziggy,https://cdn.csgoskins.gg/public/uih/items/aHR0cHM6Ly9jZG4uY3Nnb3NraW5zLmdnL3B1YmxpYy9pbWFnZXMvYnVja2V0cy9lY29uL2RlZmF1bHRfZ2VuZXJhdGVkL3dlYXBvbl94bTEwMTRfYXFfeG0xMDE0X3ppZ2d5X2FuYXJjaHlfbGlnaHQuNzNiYmIwZGI4ZWM0ODQzNjM3NDJkYzlhM2Q4OWI2MmY1ZmRjZjAwOC5wbmc-/auto/auto/85/notrim/9f4afd47d9a95a013564ecca85388454.webp,https://csgoskins.gg/items/xm1014-ziggy,$0.84,$3.29
XM1014,Zombie Offensive,https://cdn.csgoskins.gg/public/uih/items/aHR0cHM6Ly9jZG4uY3Nnb3NraW5zLmdnL3B1YmxpYy9pbWFnZXMvYnVja2V0cy9lY29uL2RlZmF1bHRfZ2VuZXJhdGVkL3dlYXBvbl94bTEwMTRfYW1feG1fem9tYmllX29mZmVuc2l2ZV9saWdodC43YjEzOThlMGY2MTY2OWY0Zjk5MWExYTBmYzg0ZGNlMmY4ZmMzNzU1LnBuZw--/auto/auto/85/notrim/d381afa018891cfbe13ded0c565bd0f6.webp,https://csgoskins.gg/items/xm1014-zombie-offensive,$0.16,$1.86
